Tfult@ya.ru,UPDATE,2024-09-19 15:29:47
KudsVd@ya.ru,CREATE,2024-09-19 17:55:32
BgISjzDIN@ya.ru,READ,2024-09-19 19:19:15
BgISjzDIN@ya.ru,READ,2024-09-19 02:38:01
Tfult@ya.ru,UPDATE,2024-09-19 23:16:05
BgISjzDIN@ya.ru,CREATE,2024-09-19 03:32:23
BgISjzDIN@ya.ru,UPDATE,2024-09-19 17:22:33
UYMzo@gmail.com,DELETE,2024-09-19 03:57:21
eLaYzunzsNM@mail.ru,CREATE,2024-09-19 08:05:02
Tfult@ya.ru,UPDATE,2024-09-19 14:08:34
BgISjzDIN@ya.ru,READ,2024-09-19 15:32:22
BgISjzDIN@ya.ru,CREATE,2024-09-19 21:28:18
Tfult@ya.ru,CREATE,2024-09-19 12:47:58
UYMzo@gmail.com,UPDATE,2024-09-19 10:14:05
AnmfCmoog@mail.ru,UPDATE,2024-09-19 19:30:09
Tfult@ya.ru,CREATE,2024-09-19 12:37:47
KudsVd@ya.ru,UPDATE,2024-09-19 00:27:36
Tfult@ya.ru,DELETE,2024-09-19 22:57:12
EDxOdPysyhFc@ya.ru,DELETE,2024-09-19 22:47:57
eLaYzunzsNM@mail.ru,CREATE,2024-09-19 22:25:57
AnmfCmoog@mail.ru,UPDATE,2024-09-19 20:20:40
eLaYzunzsNM@mail.ru,DELETE,2024-09-19 21:00:10
teIFMoTc@gmail.com,CREATE,2024-09-19 14:25:52
KudsVd@ya.ru,UPDATE,2024-09-19 01:49:51
KudsVd@ya.ru,UPDATE,2024-09-19 12:57:57
teIFMoTc@gmail.com,DELETE,2024-09-19 18:46:03
BgISjzDIN@ya.ru,DELETE,2024-09-19 05:42:48
UYMzo@gmail.com,CREATE,2024-09-19 00:44:50
EDxOdPysyhFc@ya.ru,DELETE,2024-09-19 05:45:28
teIFMoTc@gmail.com,UPDATE,2024-09-19 18:41:11
uErok@gmail.com,READ,2024-09-19 05:12:46
YzqUm@gmail.com,CREATE,2024-09-19 08:47:21
BgISjzDIN@ya.ru,READ,2024-09-19 22:29:05
eLaYzunzsNM@mail.ru,READ,2024-09-19 06:10:26
Tfult@ya.ru,DELETE,2024-09-19 14:00:48
uErok@gmail.com,READ,2024-09-19 13:33:26
eLaYzunzsNM@mail.ru,CREATE,2024-09-19 09:48:33
EDxOdPysyhFc@ya.ru,DELETE,2024-09-19 04:11:57
uErok@gmail.com,DELETE,2024-09-19 16:54:42
Tfult@ya.ru,DELETE,2024-09-19 22:33:40
eLaYzunzsNM@mail.ru,UPDATE,2024-09-19 05:55:00
Tfult@ya.ru,READ,2024-09-19 16:38:52
teIFMoTc@gmail.com,DELETE,2024-09-19 00:05:42
BgISjzDIN@ya.ru,CREATE,2024-09-19 07:02:48
Tfult@ya.ru,CREATE,2024-09-19 11:05:42
AnmfCmoog@mail.ru,READ,2024-09-19 05:23:54
EDxOdPysyhFc@ya.ru,DELETE,2024-09-19 13:18:02
BgISjzDIN@ya.ru,UPDATE,2024-09-19 11:49:04
uErok@gmail.com,CREATE,2024-09-19 08:53:01
uErok@gmail.com,DELETE,2024-09-19 16:39:56
uErok@gmail.com,READ,2024-09-19 21:01:54
EDxOdPysyhFc@ya.ru,DELETE,2024-09-19 02:33:00
eLaYzunzsNM@mail.ru,CREATE,2024-09-19 11:23:43
KudsVd@ya.ru,UPDATE,2024-09-19 15:09:27
Tfult@ya.ru,DELETE,2024-09-19 15:52:09
YzqUm@gmail.com,UPDATE,2024-09-19 11:40:02
YzqUm@gmail.com,CREATE,2024-09-19 12:18:36
EDxOdPysyhFc@ya.ru,DELETE,2024-09-19 01:04:46
uErok@gmail.com,READ,2024-09-19 09:45:31
Tfult@ya.ru,CREATE,2024-09-19 04:01:11
KudsVd@ya.ru,DELETE,2024-09-19 11:19:30
KudsVd@ya.ru,DELETE,2024-09-19 06:20:01
KudsVd@ya.ru,READ,2024-09-19 04:06:56
UYMzo@gmail.com,CREATE,2024-09-19 15:11:37
eLaYzunzsNM@mail.ru,CREATE,2024-09-19 10:32:50
eLaYzunzsNM@mail.ru,DELETE,2024-09-19 11:04:09
UYMzo@gmail.com,CREATE,2024-09-19 00:11:47
BgISjzDIN@ya.ru,UPDATE,2024-09-19 04:50:56
UYMzo@gmail.com,READ,2024-09-19 12:18:20
Tfult@ya.ru,UPDATE,2024-09-19 22:45:49
teIFMoTc@gmail.com,UPDATE,2024-09-19 14:41:49
AnmfCmoog@mail.ru,CREATE,2024-09-19 22:49:38
UYMzo@gmail.com,READ,2024-09-19 23:25:53
UYMzo@gmail.com,UPDATE,2024-09-19 19:08:43
UYMzo@gmail.com,READ,2024-09-19 03:41:50
uErok@gmail.com,UPDATE,2024-09-19 04:33:15
teIFMoTc@gmail.com,READ,2024-09-19 03:13:33
Tfult@ya.ru,READ,2024-09-19 08:14:49
Tfult@ya.ru,UPDATE,2024-09-19 23:36:49
AnmfCmoog@mail.ru,DELETE,2024-09-19 19:52:25
AnmfCmoog@mail.ru,READ,2024-09-19 14:37:27
UYMzo@gmail.com,READ,2024-09-19 12:58:36
eLaYzunzsNM@mail.ru,UPDATE,2024-09-19 04:12:40
KudsVd@ya.ru,DELETE,2024-09-19 06:37:39
eLaYzunzsNM@mail.ru,CREATE,2024-09-19 00:16:16
KudsVd@ya.ru,UPDATE,2024-09-19 12:27:14
teIFMoTc@gmail.com,READ,2024-09-19 21:14:16
KudsVd@ya.ru,UPDATE,2024-09-19 19:35:17
Tfult@ya.ru,CREATE,2024-09-19 11:19:46
AnmfCmoog@mail.ru,DELETE,2024-09-19 19:15:06
EDxOdPysyhFc@ya.ru,CREATE,2024-09-19 11:26:05
EDxOdPysyhFc@ya.ru,CREATE,2024-09-19 18:59:46
UYMzo@gmail.com,DELETE,2024-09-19 00:57:45
AnmfCmoog@mail.ru,READ,2024-09-19 13:57:50
BgISjzDIN@ya.ru,READ,2024-09-19 23:03:59
YzqUm@gmail.com,READ,2024-09-19 19:49:25
teIFMoTc@gmail.com,READ,2024-09-19 04:28:22
YzqUm@gmail.com,DELETE,2024-09-19 06:42:45
UYMzo@gmail.com,READ,2024-09-19 11:29:09
YzqUm@gmail.com,UPDATE,2024-09-19 14:01:22
eLaYzunzsNM@mail.ru,DELETE,2024-09-19 15:31:54
EDxOdPysyhFc@ya.ru,CREATE,2024-09-19 01:24:43
BgISjzDIN@ya.ru,READ,2024-09-19 21:15:12
BgISjzDIN@ya.ru,READ,2024-09-19 21:40:05
BgISjzDIN@ya.ru,UPDATE,2024-09-19 00:53:37
AnmfCmoog@mail.ru,READ,2024-09-19 10:00:42
eLaYzunzsNM@mail.ru,READ,2024-09-19 04:44:50
AnmfCmoog@mail.ru,READ,2024-09-19 19:24:29
Tfult@ya.ru,UPDATE,2024-09-19 10:11:15
AnmfCmoog@mail.ru,DELETE,2024-09-19 17:57:54
UYMzo@gmail.com,READ,2024-09-19 16:26:44
UYMzo@gmail.com,UPDATE,2024-09-19 20:29:24
teIFMoTc@gmail.com,DELETE,2024-09-19 22:06:01
KudsVd@ya.ru,UPDATE,2024-09-19 18:37:21
UYMzo@gmail.com,READ,2024-09-19 09:26:39
BgISjzDIN@ya.ru,READ,2024-09-19 14:15:01
EDxOdPysyhFc@ya.ru,UPDATE,2024-09-19 03:26:33
uErok@gmail.com,CREATE,2024-09-19 02:48:44
EDxOdPysyhFc@ya.ru,UPDATE,2024-09-19 01:58:15
eLaYzunzsNM@mail.ru,DELETE,2024-09-19 13:36:27
teIFMoTc@gmail.com,DELETE,2024-09-19 19:12:39
Tfult@ya.ru,CREATE,2024-09-19 09:25:52
UYMzo@gmail.com,CREATE,2024-09-19 16:05:59
EDxOdPysyhFc@ya.ru,CREATE,2024-09-19 20:40:07
teIFMoTc@gmail.com,UPDATE,2024-09-19 16:28:39
EDxOdPysyhFc@ya.ru,DELETE,2024-09-19 06:17:07
eLaYzunzsNM@mail.ru,DELETE,2024-09-19 17:40:03
UYMzo@gmail.com,READ,2024-09-19 23:18:02
KudsVd@ya.ru,CREATE,2024-09-19 01:50:19
AnmfCmoog@mail.ru,UPDATE,2024-09-19 06:07:36
uErok@gmail.com,UPDATE,2024-09-19 06:17:57
BgISjzDIN@ya.ru,READ,2024-09-19 12:17:40
AnmfCmoog@mail.ru,CREATE,2024-09-19 02:20:52
AnmfCmoog@mail.ru,DELETE,2024-09-19 03:10:11
EDxOdPysyhFc@ya.ru,READ,2024-09-19 08:36:11
AnmfCmoog@mail.ru,CREATE,2024-09-19 00:15:35
uErok@gmail.com,UPDATE,2024-09-19 15:54:43
Tfult@ya.ru,DELETE,2024-09-19 11:15:01
EDxOdPysyhFc@ya.ru,DELETE,2024-09-19 14:58:27
KudsVd@ya.ru,UPDATE,2024-09-19 18:17:10
BgISjzDIN@ya.ru,UPDATE,2024-09-19 21:31:31
EDxOdPysyhFc@ya.ru,CREATE,2024-09-19 02:43:38
AnmfCmoog@mail.ru,READ,2024-09-19 22:28:54
Tfult@ya.ru,CREATE,2024-09-19 05:41:08
AnmfCmoog@mail.ru,CREATE,2024-09-19 13:13:37
YzqUm@gmail.com,DELETE,2024-09-19 02:24:05
KudsVd@ya.ru,CREATE,2024-09-19 21:04:40
teIFMoTc@gmail.com,DELETE,2024-09-19 19:48:06
KudsVd@ya.ru,CREATE,2024-09-19 01:20:42
AnmfCmoog@mail.ru,DELETE,2024-09-19 19:16:00
KudsVd@ya.ru,DELETE,2024-09-19 22:28:31
BgISjzDIN@ya.ru,READ,2024-09-19 08:30:06
YzqUm@gmail.com,READ,2024-09-19 11:13:13
AnmfCmoog@mail.ru,READ,2024-09-19 04:24:32
AnmfCmoog@mail.ru,UPDATE,2024-09-19 10:11:52
teIFMoTc@gmail.com,DELETE,2024-09-19 19:25:59
eLaYzunzsNM@mail.ru,READ,2024-09-19 16:18:41
eLaYzunzsNM@mail.ru,READ,2024-09-19 19:01:04
teIFMoTc@gmail.com,DELETE,2024-09-19 16:10:17
YzqUm@gmail.com,READ,2024-09-19 17:33:12
eLaYzunzsNM@mail.ru,READ,2024-09-19 15:52:08
teIFMoTc@gmail.com,DELETE,2024-09-19 18:05:23
Tfult@ya.ru,UPDATE,2024-09-19 15:23:28
EDxOdPysyhFc@ya.ru,DELETE,2024-09-19 02:46:31
EDxOdPysyhFc@ya.ru,UPDATE,2024-09-19 18:59:24
UYMzo@gmail.com,READ,2024-09-19 14:40:57
EDxOdPysyhFc@ya.ru,READ,2024-09-19 01:24:21
KudsVd@ya.ru,READ,2024-09-19 02:52:20
BgISjzDIN@ya.ru,UPDATE,2024-09-19 01:38:52
Tfult@ya.ru,UPDATE,2024-09-19 17:37:17
EDxOdPysyhFc@ya.ru,READ,2024-09-19 06:43:46
teIFMoTc@gmail.com,DELETE,2024-09-19 05:39:35
UYMzo@gmail.com,DELETE,2024-09-19 13:29:15
Tfult@ya.ru,READ,2024-09-19 05:58:31
uErok@gmail.com,READ,2024-09-19 10:09:41
Tfult@ya.ru,CREATE,2024-09-19 00:55:49
BgISjzDIN@ya.ru,READ,2024-09-19 10:21:59
Tfult@ya.ru,READ,2024-09-19 04:29:25
YzqUm@gmail.com,UPDATE,2024-09-19 13:13:33
YzqUm@gmail.com,DELETE,2024-09-19 03:11:50
EDxOdPysyhFc@ya.ru,CREATE,2024-09-19 01:09:22
YzqUm@gmail.com,UPDATE,2024-09-19 04:35:36
uErok@gmail.com,CREATE,2024-09-19 02:12:01
KudsVd@ya.ru,CREATE,2024-09-19 12:18:53
BgISjzDIN@ya.ru,CREATE,2024-09-19 16:02:24
YzqUm@gmail.com,DELETE,2024-09-19 23:40:42
Tfult@ya.ru,CREATE,2024-09-19 06:17:07
Tfult@ya.ru,UPDATE,2024-09-19 04:20:29
YzqUm@gmail.com,DELETE,2024-09-19 05:27:21
teIFMoTc@gmail.com,CREATE,2024-09-19 23:12:24
teIFMoTc@gmail.com,READ,2024-09-19 11:52:12
YzqUm@gmail.com,DELETE,2024-09-19 23:13:24
AnmfCmoog@mail.ru,DELETE,2024-09-19 17:16:58
KudsVd@ya.ru,CREATE,2024-09-19 17:16:45
eLaYzunzsNM@mail.ru,READ,2024-09-19 09:25:45
AnmfCmoog@mail.ru,UPDATE,2024-09-19 17:19:39
eLaYzunzsNM@mail.ru,UPDATE,2024-09-19 20:06:14
UYMzo@gmail.com,UPDATE,2024-09-19 15:13:33
YzqUm@gmail.com,DELETE,2024-09-19 06:34:30
EDxOdPysyhFc@ya.ru,DELETE,2024-09-19 20:56:06
teIFMoTc@gmail.com,CREATE,2024-09-19 13:35:08
BgISjzDIN@ya.ru,UPDATE,2024-09-19 17:42:56
BgISjzDIN@ya.ru,DELETE,2024-09-19 12:32:52
KudsVd@ya.ru,CREATE,2024-09-19 12:11:18
EDxOdPysyhFc@ya.ru,UPDATE,2024-09-19 13:41:01
KudsVd@ya.ru,READ,2024-09-19 12:14:45
UYMzo@gmail.com,DELETE,2024-09-19 12:46:35
KudsVd@ya.ru,CREATE,2024-09-19 19:10:40
EDxOdPysyhFc@ya.ru,UPDATE,2024-09-19 02:55:55
AnmfCmoog@mail.ru,READ,2024-09-19 22:42:21
eLaYzunzsNM@mail.ru,READ,2024-09-19 18:37:53
EDxOdPysyhFc@ya.ru,DELETE,2024-09-19 03:13:20
BgISjzDIN@ya.ru,CREATE,2024-09-19 16:23:53
YzqUm@gmail.com,UPDATE,2024-09-19 18:21:48
teIFMoTc@gmail.com,DELETE,2024-09-19 17:05:50
KudsVd@ya.ru,CREATE,2024-09-19 05:54:53
AnmfCmoog@mail.ru,CREATE,2024-09-19 06:43:54
AnmfCmoog@mail.ru,READ,2024-09-19 03:10:51
KudsVd@ya.ru,UPDATE,2024-09-19 16:25:54
Tfult@ya.ru,CREATE,2024-09-19 09:28:53
EDxOdPysyhFc@ya.ru,READ,2024-09-19 12:50:28
KudsVd@ya.ru,UPDATE,2024-09-19 00:01:02
eLaYzunzsNM@mail.ru,UPDATE,2024-09-19 05:57:11
KudsVd@ya.ru,UPDATE,2024-09-19 16:14:34
BgISjzDIN@ya.ru,UPDATE,2024-09-19 17:27:16
YzqUm@gmail.com,DELETE,2024-09-19 16:30:17
teIFMoTc@gmail.com,READ,2024-09-19 18:02:18
Tfult@ya.ru,CREATE,2024-09-19 21:16:40
teIFMoTc@gmail.com,READ,2024-09-19 14:06:23
YzqUm@gmail.com,READ,2024-09-19 12:53:41
teIFMoTc@gmail.com,READ,2024-09-19 01:04:50
eLaYzunzsNM@mail.ru,READ,2024-09-19 11:55:34
Tfult@ya.ru,READ,2024-09-19 14:08:07
Tfult@ya.ru,READ,2024-09-19 05:08:50
teIFMoTc@gmail.com,DELETE,2024-09-19 16:43:39
EDxOdPysyhFc@ya.ru,DELETE,2024-09-19 03:37:00
AnmfCmoog@mail.ru,READ,2024-09-19 08:20:33
UYMzo@gmail.com,READ,2024-09-19 08:34:59
KudsVd@ya.ru,READ,2024-09-19 03:02:33
BgISjzDIN@ya.ru,UPDATE,2024-09-19 07:22:55
AnmfCmoog@mail.ru,UPDATE,2024-09-19 01:58:51
teIFMoTc@gmail.com,DELETE,2024-09-19 13:08:22
YzqUm@gmail.com,DELETE,2024-09-19 11:50:01
Tfult@ya.ru,CREATE,2024-09-19 00:58:48
AnmfCmoog@mail.ru,CREATE,2024-09-19 05:12:37
teIFMoTc@gmail.com,UPDATE,2024-09-19 09:11:04
UYMzo@gmail.com,UPDATE,2024-09-19 22:35:23
eLaYzunzsNM@mail.ru,DELETE,2024-09-19 23:34:37
eLaYzunzsNM@mail.ru,DELETE,2024-09-19 03:52:04
uErok@gmail.com,CREATE,2024-09-19 21:41:01
Tfult@ya.ru,DELETE,2024-09-19 16:31:51
EDxOdPysyhFc@ya.ru,DELETE,2024-09-19 16:56:20
eLaYzunzsNM@mail.ru,CREATE,2024-09-19 03:46:44
eLaYzunzsNM@mail.ru,CREATE,2024-09-19 17:04:50
AnmfCmoog@mail.ru,READ,2024-09-19 01:34:42
UYMzo@gmail.com,UPDATE,2024-09-19 21:29:03
AnmfCmoog@mail.ru,UPDATE,2024-09-19 00:50:01
AnmfCmoog@mail.ru,UPDATE,2024-09-19 07:26:49
YzqUm@gmail.com,READ,2024-09-19 01:38:12
YzqUm@gmail.com,DELETE,2024-09-19 17:03:35
EDxOdPysyhFc@ya.ru,READ,2024-09-19 08:42:23
teIFMoTc@gmail.com,UPDATE,2024-09-19 04:28:14
UYMzo@gmail.com,UPDATE,2024-09-19 22:43:03
AnmfCmoog@mail.ru,READ,2024-09-19 21:49:19
YzqUm@gmail.com,CREATE,2024-09-19 21:24:36
KudsVd@ya.ru,DELETE,2024-09-19 00:04:23
YzqUm@gmail.com,READ,2024-09-19 20:51:21
BgISjzDIN@ya.ru,DELETE,2024-09-19 00:12:46
uErok@gmail.com,UPDATE,2024-09-19 22:25:58
Tfult@ya.ru,UPDATE,2024-09-19 17:50:25
teIFMoTc@gmail.com,DELETE,2024-09-19 17:08:07
UYMzo@gmail.com,READ,2024-09-19 10:00:32
UYMzo@gmail.com,READ,2024-09-19 06:06:41
uErok@gmail.com,READ,2024-09-19 11:42:12
eLaYzunzsNM@mail.ru,UPDATE,2024-09-19 19:37:15
AnmfCmoog@mail.ru,UPDATE,2024-09-19 09:45:38
Tfult@ya.ru,DELETE,2024-09-19 22:43:53
teIFMoTc@gmail.com,READ,2024-09-19 12:24:01
EDxOdPysyhFc@ya.ru,READ,2024-09-19 14:54:23
KudsVd@ya.ru,READ,2024-09-19 03:32:20
YzqUm@gmail.com,UPDATE,2024-09-19 10:14:28
UYMzo@gmail.com,DELETE,2024-09-19 19:05:46
eLaYzunzsNM@mail.ru,READ,2024-09-19 20:44:11
YzqUm@gmail.com,READ,2024-09-19 02:32:16
YzqUm@gmail.com,DELETE,2024-09-19 16:42:31
BgISjzDIN@ya.ru,UPDATE,2024-09-19 18:39:25
YzqUm@gmail.com,UPDATE,2024-09-19 15:44:40
Tfult@ya.ru,DELETE,2024-09-19 08:53:22
KudsVd@ya.ru,CREATE,2024-09-19 15:39:55
UYMzo@gmail.com,CREATE,2024-09-19 10:25:26
BgISjzDIN@ya.ru,READ,2024-09-19 07:22:20
EDxOdPysyhFc@ya.ru,DELETE,2024-09-19 16:03:27
UYMzo@gmail.com,DELETE,2024-09-19 16:47:30
EDxOdPysyhFc@ya.ru,READ,2024-09-19 01:07:44
uErok@gmail.com,READ,2024-09-19 16:49:48
YzqUm@gmail.com,DELETE,2024-09-19 19:07:51
teIFMoTc@gmail.com,DELETE,2024-09-19 05:42:50
BgISjzDIN@ya.ru,READ,2024-09-19 17:12:04
teIFMoTc@gmail.com,READ,2024-09-19 14:19:50
BgISjzDIN@ya.ru,READ,2024-09-19 12:27:56
BgISjzDIN@ya.ru,READ,2024-09-19 05:42:36
EDxOdPysyhFc@ya.ru,UPDATE,2024-09-19 15:33:14
KudsVd@ya.ru,DELETE,2024-09-19 01:44:28
BgISjzDIN@ya.ru,DELETE,2024-09-19 13:20:33
teIFMoTc@gmail.com,UPDATE,2024-09-19 17:37:25
BgISjzDIN@ya.ru,DELETE,2024-09-19 06:03:26
EDxOdPysyhFc@ya.ru,UPDATE,2024-09-19 19:38:28
AnmfCmoog@mail.ru,DELETE,2024-09-19 21:32:40
YzqUm@gmail.com,READ,2024-09-19 05:22:22
uErok@gmail.com,DELETE,2024-09-19 19:59:13
eLaYzunzsNM@mail.ru,READ,2024-09-19 10:11:33
BgISjzDIN@ya.ru,UPDATE,2024-09-19 06:09:18
UYMzo@gmail.com,READ,2024-09-19 20:59:31
YzqUm@gmail.com,DELETE,2024-09-19 13:14:21
UYMzo@gmail.com,DELETE,2024-09-19 17:32:07
BgISjzDIN@ya.ru,CREATE,2024-09-19 03:22:21
uErok@gmail.com,CREATE,2024-09-19 22:13:09
EDxOdPysyhFc@ya.ru,READ,2024-09-19 02:32:58
teIFMoTc@gmail.com,READ,2024-09-19 16:23:13
YzqUm@gmail.com,UPDATE,2024-09-19 22:46:35
Tfult@ya.ru,UPDATE,2024-09-19 03:07:13
UYMzo@gmail.com,CREATE,2024-09-19 17:06:47
BgISjzDIN@ya.ru,DELETE,2024-09-19 05:01:29
teIFMoTc@gmail.com,READ,2024-09-19 17:27:30
BgISjzDIN@ya.ru,UPDATE,2024-09-19 01:48:29
KudsVd@ya.ru,READ,2024-09-19 09:24:16
UYMzo@gmail.com,UPDATE,2024-09-19 10:20:42
AnmfCmoog@mail.ru,CREATE,2024-09-19 02:19:25
BgISjzDIN@ya.ru,READ,2024-09-19 08:06:45
teIFMoTc@gmail.com,DELETE,2024-09-19 10:27:07
UYMzo@gmail.com,CREATE,2024-09-19 16:18:38
BgISjzDIN@ya.ru,READ,2024-09-19 03:32:09
eLaYzunzsNM@mail.ru,CREATE,2024-09-19 05:12:22
BgISjzDIN@ya.ru,READ,2024-09-19 15:53:14
uErok@gmail.com,READ,2024-09-19 23:53:37
BgISjzDIN@ya.ru,DELETE,2024-09-19 17:57:20
EDxOdPysyhFc@ya.ru,CREATE,2024-09-19 14:23:26
uErok@gmail.com,CREATE,2024-09-19 13:31:30
KudsVd@ya.ru,READ,2024-09-19 12:53:09
EDxOdPysyhFc@ya.ru,UPDATE,2024-09-19 23:54:30
uErok@gmail.com,DELETE,2024-09-19 19:29:01
eLaYzunzsNM@mail.ru,READ,2024-09-19 23:03:51
EDxOdPysyhFc@ya.ru,CREATE,2024-09-19 05:56:58
UYMzo@gmail.com,CREATE,2024-09-19 12:04:48
EDxOdPysyhFc@ya.ru,CREATE,2024-09-19 21:53:40
KudsVd@ya.ru,READ,2024-09-19 21:12:46
teIFMoTc@gmail.com,UPDATE,2024-09-19 01:45:17
EDxOdPysyhFc@ya.ru,READ,2024-09-19 01:40:20
UYMzo@gmail.com,DELETE,2024-09-19 06:38:00
BgISjzDIN@ya.ru,CREATE,2024-09-19 09:50:15
Tfult@ya.ru,READ,2024-09-19 19:11:37
Tfult@ya.ru,CREATE,2024-09-19 02:35:04
teIFMoTc@gmail.com,UPDATE,2024-09-19 20:49:41
YzqUm@gmail.com,DELETE,2024-09-19 07:59:22
eLaYzunzsNM@mail.ru,UPDATE,2024-09-19 16:59:42
KudsVd@ya.ru,READ,2024-09-19 15:30:45
uErok@gmail.com,CREATE,2024-09-19 13:58:56
YzqUm@gmail.com,DELETE,2024-09-19 11:34:32
Tfult@ya.ru,UPDATE,2024-09-19 20:29:10
teIFMoTc@gmail.com,UPDATE,2024-09-19 04:47:46
uErok@gmail.com,READ,2024-09-19 04:12:01
KudsVd@ya.ru,CREATE,2024-09-19 23:49:39
UYMzo@gmail.com,READ,2024-09-19 14:53:19
YzqUm@gmail.com,DELETE,2024-09-19 02:59:44
YzqUm@gmail.com,UPDATE,2024-09-19 12:07:12
uErok@gmail.com,READ,2024-09-19 16:33:23
AnmfCmoog@mail.ru,DELETE,2024-09-19 09:39:17
eLaYzunzsNM@mail.ru,CREATE,2024-09-19 10:10:19
teIFMoTc@gmail.com,CREATE,2024-09-19 05:19:01
teIFMoTc@gmail.com,UPDATE,2024-09-19 00:16:07
EDxOdPysyhFc@ya.ru,DELETE,2024-09-19 19:31:35
teIFMoTc@gmail.com,READ,2024-09-19 18:17:18
KudsVd@ya.ru,READ,2024-09-19 04:12:46
YzqUm@gmail.com,READ,2024-09-19 16:26:26
uErok@gmail.com,CREATE,2024-09-19 19:11:51
BgISjzDIN@ya.ru,CREATE,2024-09-19 18:52:06
eLaYzunzsNM@mail.ru,UPDATE,2024-09-19 20:34:55
UYMzo@gmail.com,READ,2024-09-19 22:21:53
eLaYzunzsNM@mail.ru,UPDATE,2024-09-19 19:03:47
eLaYzunzsNM@mail.ru,CREATE,2024-09-19 09:14:37
YzqUm@gmail.com,UPDATE,2024-09-19 02:48:30
YzqUm@gmail.com,READ,2024-09-19 20:59:44
teIFMoTc@gmail.com,UPDATE,2024-09-19 19:39:03
BgISjzDIN@ya.ru,DELETE,2024-09-19 17:54:58
eLaYzunzsNM@mail.ru,UPDATE,2024-09-19 02:00:41
UYMzo@gmail.com,READ,2024-09-19 01:41:06
UYMzo@gmail.com,DELETE,2024-09-19 09:07:51
AnmfCmoog@mail.ru,DELETE,2024-09-19 05:28:33
YzqUm@gmail.com,READ,2024-09-19 16:48:12
BgISjzDIN@ya.ru,DELETE,2024-09-19 21:30:55
KudsVd@ya.ru,CREATE,2024-09-19 17:55:44
eLaYzunzsNM@mail.ru,CREATE,2024-09-19 23:14:36
AnmfCmoog@mail.ru,DELETE,2024-09-19 11:01:56
EDxOdPysyhFc@ya.ru,UPDATE,2024-09-19 11:22:53
KudsVd@ya.ru,READ,2024-09-19 06:10:20
eLaYzunzsNM@mail.ru,CREATE,2024-09-19 23:57:26
YzqUm@gmail.com,READ,2024-09-19 22:49:37
teIFMoTc@gmail.com,UPDATE,2024-09-19 10:45:19
EDxOdPysyhFc@ya.ru,CREATE,2024-09-19 10:22:05
teIFMoTc@gmail.com,READ,2024-09-19 14:50:20
UYMzo@gmail.com,CREATE,2024-09-19 04:14:50
AnmfCmoog@mail.ru,CREATE,2024-09-19 19:27:26
KudsVd@ya.ru,CREATE,2024-09-19 09:11:33
YzqUm@gmail.com,READ,2024-09-19 22:22:40
EDxOdPysyhFc@ya.ru,READ,2024-09-19 21:04:11
uErok@gmail.com,READ,2024-09-19 16:22:34
UYMzo@gmail.com,CREATE,2024-09-19 08:09:51
EDxOdPysyhFc@ya.ru,DELETE,2024-09-19 22:53:57
eLaYzunzsNM@mail.ru,CREATE,2024-09-19 13:20:44
uErok@gmail.com,DELETE,2024-09-19 16:27:04
teIFMoTc@gmail.com,CREATE,2024-09-19 22:24:52
eLaYzunzsNM@mail.ru,READ,2024-09-19 19:57:20
UYMzo@gmail.com,UPDATE,2024-09-19 08:50:28
KudsVd@ya.ru,DELETE,2024-09-19 07:15:04
uErok@gmail.com,UPDATE,2024-09-19 07:20:40
AnmfCmoog@mail.ru,DELETE,2024-09-19 02:57:30
UYMzo@gmail.com,CREATE,2024-09-19 23:29:25
uErok@gmail.com,READ,2024-09-19 11:13:15
UYMzo@gmail.com,UPDATE,2024-09-19 10:31:22
eLaYzunzsNM@mail.ru,DELETE,2024-09-19 18:24:18
UYMzo@gmail.com,READ,2024-09-19 16:30:14
teIFMoTc@gmail.com,DELETE,2024-09-19 01:17:17
teIFMoTc@gmail.com,READ,2024-09-19 00:46:33
UYMzo@gmail.com,DELETE,2024-09-19 03:05:39
YzqUm@gmail.com,READ,2024-09-19 14:47:36
Tfult@ya.ru,UPDATE,2024-09-19 04:28:04
YzqUm@gmail.com,DELETE,2024-09-19 03:12:18
KudsVd@ya.ru,CREATE,2024-09-19 21:28:31
Tfult@ya.ru,READ,2024-09-19 17:00:30
EDxOdPysyhFc@ya.ru,CREATE,2024-09-19 15:05:34
teIFMoTc@gmail.com,UPDATE,2024-09-19 09:24:30
Tfult@ya.ru,UPDATE,2024-09-19 05:07:36
EDxOdPysyhFc@ya.ru,UPDATE,2024-09-19 04:08:03
Tfult@ya.ru,CREATE,2024-09-19 01:30:34
KudsVd@ya.ru,READ,2024-09-19 21:43:51
BgISjzDIN@ya.ru,CREATE,2024-09-19 12:03:42
KudsVd@ya.ru,DELETE,2024-09-19 13:44:02
AnmfCmoog@mail.ru,DELETE,2024-09-19 21:20:09
teIFMoTc@gmail.com,DELETE,2024-09-19 14:17:50
YzqUm@gmail.com,READ,2024-09-19 02:13:06
Tfult@ya.ru,UPDATE,2024-09-19 09:50:16
UYMzo@gmail.com,DELETE,2024-09-19 07:42:47
teIFMoTc@gmail.com,CREATE,2024-09-19 23:35:14
uErok@gmail.com,READ,2024-09-19 18:30:57
eLaYzunzsNM@mail.ru,DELETE,2024-09-19 00:55:55
eLaYzunzsNM@mail.ru,UPDATE,2024-09-19 16:44:08
YzqUm@gmail.com,DELETE,2024-09-19 09:27:11
uErok@gmail.com,READ,2024-09-19 13:16:19
teIFMoTc@gmail.com,DELETE,2024-09-19 02:33:08
AnmfCmoog@mail.ru,DELETE,2024-09-19 01:29:09
teIFMoTc@gmail.com,CREATE,2024-09-19 03:03:45
KudsVd@ya.ru,DELETE,2024-09-19 07:11:05
KudsVd@ya.ru,CREATE,2024-09-19 15:32:22
eLaYzunzsNM@mail.ru,UPDATE,2024-09-19 03:35:20
AnmfCmoog@mail.ru,CREATE,2024-09-19 14:45:03
eLaYzunzsNM@mail.ru,DELETE,2024-09-19 14:39:32
AnmfCmoog@mail.ru,DELETE,2024-09-19 20:25:19
AnmfCmoog@mail.ru,DELETE,2024-09-19 11:44:25
BgISjzDIN@ya.ru,UPDATE,2024-09-19 05:48:45
EDxOdPysyhFc@ya.ru,READ,2024-09-19 14:10:02
AnmfCmoog@mail.ru,UPDATE,2024-09-19 18:44:29
UYMzo@gmail.com,CREATE,2024-09-19 08:02:18
UYMzo@gmail.com,READ,2024-09-19 17:22:11
KudsVd@ya.ru,CREATE,2024-09-19 02:44:20
KudsVd@ya.ru,CREATE,2024-09-19 01:35:31
eLaYzunzsNM@mail.ru,UPDATE,2024-09-19 18:01:59
EDxOdPysyhFc@ya.ru,UPDATE,2024-09-19 14:33:45
EDxOdPysyhFc@ya.ru,DELETE,2024-09-19 05:58:30
eLaYzunzsNM@mail.ru,UPDATE,2024-09-19 02:43:57
KudsVd@ya.ru,UPDATE,2024-09-19 05:47:02
BgISjzDIN@ya.ru,CREATE,2024-09-19 10:33:50
uErok@gmail.com,UPDATE,2024-09-19 05:21:10
eLaYzunzsNM@mail.ru,READ,2024-09-19 16:56:04
UYMzo@gmail.com,DELETE,2024-09-19 01:58:09
YzqUm@gmail.com,CREATE,2024-09-19 11:50:37
KudsVd@ya.ru,UPDATE,2024-09-19 15:41:56
BgISjzDIN@ya.ru,DELETE,2024-09-19 15:14:24
AnmfCmoog@mail.ru,UPDATE,2024-09-19 14:11:22
Tfult@ya.ru,UPDATE,2024-09-19 08:18:43
EDxOdPysyhFc@ya.ru,CREATE,2024-09-19 04:00:34
Tfult@ya.ru,UPDATE,2024-09-19 08:29:01
EDxOdPysyhFc@ya.ru,UPDATE,2024-09-19 10:50:38
EDxOdPysyhFc@ya.ru,UPDATE,2024-09-19 08:16:41
uErok@gmail.com,CREATE,2024-09-19 21:27:57
KudsVd@ya.ru,CREATE,2024-09-19 05:06:34
Tfult@ya.ru,CREATE,2024-09-19 01:32:26
eLaYzunzsNM@mail.ru,UPDATE,2024-09-19 19:16:10
EDxOdPysyhFc@ya.ru,CREATE,2024-09-19 17:18:30
BgISjzDIN@ya.ru,CREATE,2024-09-19 22:05:56
YzqUm@gmail.com,READ,2024-09-19 16:26:32
UYMzo@gmail.com,READ,2024-09-19 00:53:58
Tfult@ya.ru,READ,2024-09-19 23:22:30
uErok@gmail.com,UPDATE,2024-09-19 05:15:03
eLaYzunzsNM@mail.ru,READ,2024-09-19 15:20:03
EDxOdPysyhFc@ya.ru,CREATE,2024-09-19 17:08:44
YzqUm@gmail.com,DELETE,2024-09-19 07:13:55
EDxOdPysyhFc@ya.ru,DELETE,2024-09-19 01:27:43
AnmfCmoog@mail.ru,DELETE,2024-09-19 22:55:22
BgISjzDIN@ya.ru,READ,2024-09-19 02:01:18
UYMzo@gmail.com,CREATE,2024-09-19 11:16:02
UYMzo@gmail.com,READ,2024-09-19 07:09:05
YzqUm@gmail.com,READ,2024-09-19 23:32:37
eLaYzunzsNM@mail.ru,READ,2024-09-19 18:05:21
UYMzo@gmail.com,CREATE,2024-09-19 02:35:29
AnmfCmoog@mail.ru,READ,2024-09-19 20:57:52
KudsVd@ya.ru,DELETE,2024-09-19 07:45:51
KudsVd@ya.ru,UPDATE,2024-09-19 00:19:42
BgISjzDIN@ya.ru,CREATE,2024-09-19 18:08:01
KudsVd@ya.ru,UPDATE,2024-09-19 16:32:55
AnmfCmoog@mail.ru,CREATE,2024-09-19 01:59:48
KudsVd@ya.ru,DELETE,2024-09-19 03:18:09
EDxOdPysyhFc@ya.ru,CREATE,2024-09-19 01:11:19
BgISjzDIN@ya.ru,UPDATE,2024-09-19 09:18:53
AnmfCmoog@mail.ru,READ,2024-09-19 18:20:23
teIFMoTc@gmail.com,READ,2024-09-19 14:06:33
EDxOdPysyhFc@ya.ru,READ,2024-09-19 21:24:47
UYMzo@gmail.com,CREATE,2024-09-19 13:31:45
YzqUm@gmail.com,CREATE,2024-09-19 03:41:24
AnmfCmoog@mail.ru,CREATE,2024-09-19 03:07:58
EDxOdPysyhFc@ya.ru,READ,2024-09-19 09:32:43
AnmfCmoog@mail.ru,DELETE,2024-09-19 13:58:34
uErok@gmail.com,READ,2024-09-19 05:10:39
teIFMoTc@gmail.com,READ,2024-09-19 07:47:53
KudsVd@ya.ru,UPDATE,2024-09-19 02:36:24
BgISjzDIN@ya.ru,CREATE,2024-09-19 20:02:58
BgISjzDIN@ya.ru,READ,2024-09-19 06:21:43
EDxOdPysyhFc@ya.ru,DELETE,2024-09-19 12:50:52
eLaYzunzsNM@mail.ru,READ,2024-09-19 22:39:10
teIFMoTc@gmail.com,READ,2024-09-19 02:17:27
eLaYzunzsNM@mail.ru,CREATE,2024-09-19 08:55:31
Tfult@ya.ru,CREATE,2024-09-19 19:54:27
KudsVd@ya.ru,CREATE,2024-09-19 05:59:04
BgISjzDIN@ya.ru,CREATE,2024-09-19 08:40:38
uErok@gmail.com,UPDATE,2024-09-19 08:30:37
uErok@gmail.com,CREATE,2024-09-19 05:04:43
Tfult@ya.ru,DELETE,2024-09-19 14:57:27
teIFMoTc@gmail.com,UPDATE,2024-09-19 01:40:39
UYMzo@gmail.com,CREATE,2024-09-19 00:25:56
UYMzo@gmail.com,READ,2024-09-19 17:47:36
UYMzo@gmail.com,CREATE,2024-09-19 08:59:31
teIFMoTc@gmail.com,CREATE,2024-09-19 09:12:28
teIFMoTc@gmail.com,READ,2024-09-19 05:55:44
UYMzo@gmail.com,UPDATE,2024-09-19 23:38:59
KudsVd@ya.ru,CREATE,2024-09-19 04:32:12
eLaYzunzsNM@mail.ru,CREATE,2024-09-19 19:39:28
YzqUm@gmail.com,READ,2024-09-19 23:39:26
EDxOdPysyhFc@ya.ru,READ,2024-09-19 02:31:09
BgISjzDIN@ya.ru,UPDATE,2024-09-19 14:59:26
Tfult@ya.ru,READ,2024-09-19 17:18:24
uErok@gmail.com,DELETE,2024-09-19 21:14:46
BgISjzDIN@ya.ru,DELETE,2024-09-19 07:34:41
teIFMoTc@gmail.com,CREATE,2024-09-19 22:12:04
EDxOdPysyhFc@ya.ru,CREATE,2024-09-19 09:54:36
eLaYzunzsNM@mail.ru,UPDATE,2024-09-19 19:43:29
KudsVd@ya.ru,UPDATE,2024-09-19 19:39:18
teIFMoTc@gmail.com,READ,2024-09-19 11:10:16
UYMzo@gmail.com,UPDATE,2024-09-19 19:23:33
eLaYzunzsNM@mail.ru,CREATE,2024-09-19 14:28:14
EDxOdPysyhFc@ya.ru,CREATE,2024-09-19 02:58:07
YzqUm@gmail.com,DELETE,2024-09-19 12:48:36
UYMzo@gmail.com,CREATE,2024-09-19 19:50:27
EDxOdPysyhFc@ya.ru,READ,2024-09-19 20:33:11
KudsVd@ya.ru,CREATE,2024-09-19 01:10:42
teIFMoTc@gmail.com,CREATE,2024-09-19 01:38:18
eLaYzunzsNM@mail.ru,READ,2024-09-19 02:52:20
uErok@gmail.com,DELETE,2024-09-19 16:17:05
EDxOdPysyhFc@ya.ru,UPDATE,2024-09-19 01:01:20
EDxOdPysyhFc@ya.ru,READ,2024-09-19 21:16:17
Tfult@ya.ru,UPDATE,2024-09-19 21:20:59
Tfult@ya.ru,UPDATE,2024-09-19 05:03:43
YzqUm@gmail.com,UPDATE,2024-09-19 01:49:42
YzqUm@gmail.com,READ,2024-09-19 15:53:21
eLaYzunzsNM@mail.ru,READ,2024-09-19 02:24:36
uErok@gmail.com,UPDATE,2024-09-19 09:00:42
EDxOdPysyhFc@ya.ru,UPDATE,2024-09-19 10:58:07
KudsVd@ya.ru,UPDATE,2024-09-19 18:55:56
EDxOdPysyhFc@ya.ru,DELETE,2024-09-19 00:06:02
UYMzo@gmail.com,UPDATE,2024-09-19 02:41:03
Tfult@ya.ru,READ,2024-09-19 18:05:54
KudsVd@ya.ru,DELETE,2024-09-19 13:14:25
AnmfCmoog@mail.ru,DELETE,2024-09-19 17:45:39
AnmfCmoog@mail.ru,READ,2024-09-19 00:56:36
BgISjzDIN@ya.ru,READ,2024-09-19 00:12:21
AnmfCmoog@mail.ru,UPDATE,2024-09-19 03:01:02
UYMzo@gmail.com,CREATE,2024-09-19 15:30:32
uErok@gmail.com,READ,2024-09-19 00:50:11
uErok@gmail.com,UPDATE,2024-09-19 13:55:05
KudsVd@ya.ru,READ,2024-09-19 18:22:58
eLaYzunzsNM@mail.ru,CREATE,2024-09-19 13:19:27
Tfult@ya.ru,CREATE,2024-09-19 23:59:05
EDxOdPysyhFc@ya.ru,READ,2024-09-19 22:30:41
EDxOdPysyhFc@ya.ru,READ,2024-09-19 08:23:45
UYMzo@gmail.com,READ,2024-09-19 23:49:30
eLaYzunzsNM@mail.ru,CREATE,2024-09-19 18:05:08
eLaYzunzsNM@mail.ru,CREATE,2024-09-19 06:32:10
UYMzo@gmail.com,DELETE,2024-09-19 12:22:04
YzqUm@gmail.com,CREATE,2024-09-19 16:48:17
YzqUm@gmail.com,READ,2024-09-19 07:56:38
BgISjzDIN@ya.ru,CREATE,2024-09-19 18:32:01
BgISjzDIN@ya.ru,UPDATE,2024-09-19 09:09:12
KudsVd@ya.ru,READ,2024-09-19 19:38:34
UYMzo@gmail.com,DELETE,2024-09-19 02:53:03
BgISjzDIN@ya.ru,UPDATE,2024-09-19 22:54:50
UYMzo@gmail.com,READ,2024-09-19 21:06:03
BgISjzDIN@ya.ru,READ,2024-09-19 05:00:27
teIFMoTc@gmail.com,DELETE,2024-09-19 10:54:58
UYMzo@gmail.com,DELETE,2024-09-19 10:23:16
uErok@gmail.com,UPDATE,2024-09-19 15:43:32
Tfult@ya.ru,DELETE,2024-09-19 09:12:52
AnmfCmoog@mail.ru,CREATE,2024-09-19 02:19:36
YzqUm@gmail.com,CREATE,2024-09-19 08:07:50
YzqUm@gmail.com,CREATE,2024-09-19 08:36:25
eLaYzunzsNM@mail.ru,CREATE,2024-09-19 13:28:38
AnmfCmoog@mail.ru,CREATE,2024-09-19 01:59:01
teIFMoTc@gmail.com,DELETE,2024-09-19 07:45:44
AnmfCmoog@mail.ru,CREATE,2024-09-19 15:14:10
Tfult@ya.ru,CREATE,2024-09-19 18:46:18
YzqUm@gmail.com,READ,2024-09-19 15:29:18
BgISjzDIN@ya.ru,UPDATE,2024-09-19 22:25:22
UYMzo@gmail.com,READ,2024-09-19 09:41:18
EDxOdPysyhFc@ya.ru,UPDATE,2024-09-19 14:01:54
uErok@gmail.com,READ,2024-09-19 09:46:47
EDxOdPysyhFc@ya.ru,READ,2024-09-19 23:03:43
BgISjzDIN@ya.ru,UPDATE,2024-09-19 16:46:51
teIFMoTc@gmail.com,CREATE,2024-09-19 01:57:50
UYMzo@gmail.com,READ,2024-09-19 05:30:14
KudsVd@ya.ru,DELETE,2024-09-19 04:41:48
AnmfCmoog@mail.ru,CREATE,2024-09-19 11:03:31
KudsVd@ya.ru,UPDATE,2024-09-19 13:45:18
uErok@gmail.com,DELETE,2024-09-19 11:26:17
eLaYzunzsNM@mail.ru,CREATE,2024-09-19 19:12:43
uErok@gmail.com,UPDATE,2024-09-19 15:52:38
uErok@gmail.com,CREATE,2024-09-19 19:35:09
EDxOdPysyhFc@ya.ru,UPDATE,2024-09-19 06:27:03
EDxOdPysyhFc@ya.ru,DELETE,2024-09-19 14:06:28
Tfult@ya.ru,CREATE,2024-09-19 12:25:37
UYMzo@gmail.com,READ,2024-09-19 06:03:31
KudsVd@ya.ru,CREATE,2024-09-19 10:59:26
teIFMoTc@gmail.com,DELETE,2024-09-19 19:09:25
UYMzo@gmail.com,UPDATE,2024-09-19 14:50:09
YzqUm@gmail.com,DELETE,2024-09-19 18:23:29
teIFMoTc@gmail.com,UPDATE,2024-09-19 10:37:47
UYMzo@gmail.com,UPDATE,2024-09-19 16:57:57
YzqUm@gmail.com,DELETE,2024-09-19 00:15:24
BgISjzDIN@ya.ru,READ,2024-09-19 15:28:52
BgISjzDIN@ya.ru,DELETE,2024-09-19 21:14:10
KudsVd@ya.ru,DELETE,2024-09-19 04:00:41
KudsVd@ya.ru,READ,2024-09-19 04:01:16
KudsVd@ya.ru,CREATE,2024-09-19 13:32:55
BgISjzDIN@ya.ru,UPDATE,2024-09-19 03:56:16
eLaYzunzsNM@mail.ru,READ,2024-09-19 23:23:40
uErok@gmail.com,READ,2024-09-19 22:49:56
UYMzo@gmail.com,UPDATE,2024-09-19 08:49:40
uErok@gmail.com,READ,2024-09-19 12:07:42
KudsVd@ya.ru,DELETE,2024-09-19 02:07:01
AnmfCmoog@mail.ru,CREATE,2024-09-19 20:03:46
KudsVd@ya.ru,CREATE,2024-09-19 07:33:29
BgISjzDIN@ya.ru,DELETE,2024-09-19 05:47:04
AnmfCmoog@mail.ru,CREATE,2024-09-19 21:28:27
Tfult@ya.ru,CREATE,2024-09-19 23:57:39
teIFMoTc@gmail.com,DELETE,2024-09-19 02:52:23
UYMzo@gmail.com,UPDATE,2024-09-19 01:58:25
YzqUm@gmail.com,UPDATE,2024-09-19 09:40:50
Tfult@ya.ru,CREATE,2024-09-19 05:45:15
BgISjzDIN@ya.ru,CREATE,2024-09-19 20:19:53
Tfult@ya.ru,DELETE,2024-09-19 06:45:50
Tfult@ya.ru,READ,2024-09-19 05:04:43
eLaYzunzsNM@mail.ru,DELETE,2024-09-19 13:52:55
eLaYzunzsNM@mail.ru,DELETE,2024-09-19 20:58:22
uErok@gmail.com,DELETE,2024-09-19 06:45:16
AnmfCmoog@mail.ru,UPDATE,2024-09-19 21:55:24
Tfult@ya.ru,READ,2024-09-19 14:13:02
Tfult@ya.ru,READ,2024-09-19 17:35:38
AnmfCmoog@mail.ru,READ,2024-09-19 21:05:23
BgISjzDIN@ya.ru,CREATE,2024-09-19 10:20:39
eLaYzunzsNM@mail.ru,DELETE,2024-09-19 21:04:38
UYMzo@gmail.com,CREATE,2024-09-19 13:25:08
uErok@gmail.com,CREATE,2024-09-19 19:01:15
YzqUm@gmail.com,DELETE,2024-09-19 14:57:59
uErok@gmail.com,UPDATE,2024-09-19 03:31:50
KudsVd@ya.ru,DELETE,2024-09-19 07:01:30
AnmfCmoog@mail.ru,UPDATE,2024-09-19 01:36:07
EDxOdPysyhFc@ya.ru,READ,2024-09-19 15:55:56
AnmfCmoog@mail.ru,DELETE,2024-09-19 21:40:40
YzqUm@gmail.com,DELETE,2024-09-19 13:26:17
AnmfCmoog@mail.ru,READ,2024-09-19 06:04:12
uErok@gmail.com,UPDATE,2024-09-19 02:03:32
AnmfCmoog@mail.ru,DELETE,2024-09-19 08:05:12
YzqUm@gmail.com,DELETE,2024-09-19 04:56:02
UYMzo@gmail.com,CREATE,2024-09-19 13:35:06
Tfult@ya.ru,READ,2024-09-19 07:36:49
teIFMoTc@gmail.com,DELETE,2024-09-19 12:30:52
KudsVd@ya.ru,UPDATE,2024-09-19 12:15:38
YzqUm@gmail.com,READ,2024-09-19 06:51:33
eLaYzunzsNM@mail.ru,CREATE,2024-09-19 04:05:34
BgISjzDIN@ya.ru,DELETE,2024-09-19 16:59:51
teIFMoTc@gmail.com,READ,2024-09-19 11:11:11
BgISjzDIN@ya.ru,READ,2024-09-19 10:38:12
uErok@gmail.com,UPDATE,2024-09-19 23:08:09
KudsVd@ya.ru,CREATE,2024-09-19 07:01:08
KudsVd@ya.ru,UPDATE,2024-09-19 08:45:18
AnmfCmoog@mail.ru,CREATE,2024-09-19 05:57:15
teIFMoTc@gmail.com,DELETE,2024-09-19 23:29:50
YzqUm@gmail.com,CREATE,2024-09-19 01:43:49
KudsVd@ya.ru,CREATE,2024-09-19 19:29:17
eLaYzunzsNM@mail.ru,DELETE,2024-09-19 06:47:46
uErok@gmail.com,UPDATE,2024-09-19 01:09:36
teIFMoTc@gmail.com,DELETE,2024-09-19 16:49:01
KudsVd@ya.ru,UPDATE,2024-09-19 08:48:49
YzqUm@gmail.com,DELETE,2024-09-19 01:09:42
teIFMoTc@gmail.com,CREATE,2024-09-19 06:15:15
AnmfCmoog@mail.ru,UPDATE,2024-09-19 01:40:07
eLaYzunzsNM@mail.ru,READ,2024-09-19 07:59:41
EDxOdPysyhFc@ya.ru,CREATE,2024-09-19 10:08:33
BgISjzDIN@ya.ru,CREATE,2024-09-19 10:15:04
UYMzo@gmail.com,CREATE,2024-09-19 06:35:16
Tfult@ya.ru,CREATE,2024-09-19 22:50:32
KudsVd@ya.ru,READ,2024-09-19 00:15:57
eLaYzunzsNM@mail.ru,READ,2024-09-19 03:39:33
BgISjzDIN@ya.ru,DELETE,2024-09-19 08:28:21
YzqUm@gmail.com,READ,2024-09-19 18:25:14
YzqUm@gmail.com,DELETE,2024-09-19 22:34:37
AnmfCmoog@mail.ru,DELETE,2024-09-19 03:33:46
AnmfCmoog@mail.ru,CREATE,2024-09-19 04:30:57
teIFMoTc@gmail.com,DELETE,2024-09-19 08:08:23
uErok@gmail.com,UPDATE,2024-09-19 14:55:02
BgISjzDIN@ya.ru,DELETE,2024-09-19 12:09:30
AnmfCmoog@mail.ru,READ,2024-09-19 00:39:43
AnmfCmoog@mail.ru,READ,2024-09-19 10:33:36
teIFMoTc@gmail.com,DELETE,2024-09-19 02:07:50
YzqUm@gmail.com,DELETE,2024-09-19 03:36:37
UYMzo@gmail.com,DELETE,2024-09-19 07:58:52
EDxOdPysyhFc@ya.ru,DELETE,2024-09-19 12:53:39
eLaYzunzsNM@mail.ru,DELETE,2024-09-19 11:14:53
KudsVd@ya.ru,DELETE,2024-09-19 19:31:08
BgISjzDIN@ya.ru,CREATE,2024-09-19 07:14:26
BgISjzDIN@ya.ru,CREATE,2024-09-19 06:53:20
EDxOdPysyhFc@ya.ru,READ,2024-09-19 03:45:20
EDxOdPysyhFc@ya.ru,UPDATE,2024-09-19 16:23:41
YzqUm@gmail.com,UPDATE,2024-09-19 05:49:23
Tfult@ya.ru,UPDATE,2024-09-19 08:16:56
KudsVd@ya.ru,DELETE,2024-09-19 04:17:15
Tfult@ya.ru,UPDATE,2024-09-19 12:10:14
teIFMoTc@gmail.com,UPDATE,2024-09-19 17:36:15
EDxOdPysyhFc@ya.ru,CREATE,2024-09-19 15:14:55
YzqUm@gmail.com,DELETE,2024-09-19 16:32:32
teIFMoTc@gmail.com,CREATE,2024-09-19 07:00:01
AnmfCmoog@mail.ru,DELETE,2024-09-19 05:59:28
teIFMoTc@gmail.com,CREATE,2024-09-19 16:14:30
BgISjzDIN@ya.ru,READ,2024-09-19 18:30:10
EDxOdPysyhFc@ya.ru,UPDATE,2024-09-19 16:58:21
teIFMoTc@gmail.com,CREATE,2024-09-19 06:16:00
uErok@gmail.com,CREATE,2024-09-19 05:19:13
EDxOdPysyhFc@ya.ru,CREATE,2024-09-19 12:48:05
EDxOdPysyhFc@ya.ru,DELETE,2024-09-19 00:47:10
teIFMoTc@gmail.com,UPDATE,2024-09-19 22:22:38
YzqUm@gmail.com,CREATE,2024-09-19 00:56:27
teIFMoTc@gmail.com,CREATE,2024-09-19 22:33:45
YzqUm@gmail.com,CREATE,2024-09-19 14:01:11
Tfult@ya.ru,READ,2024-09-19 07:46:05
AnmfCmoog@mail.ru,CREATE,2024-09-19 14:38:15
UYMzo@gmail.com,UPDATE,2024-09-19 05:37:24
uErok@gmail.com,READ,2024-09-19 14:33:40
uErok@gmail.com,UPDATE,2024-09-19 09:29:46
EDxOdPysyhFc@ya.ru,UPDATE,2024-09-19 22:51:17
EDxOdPysyhFc@ya.ru,READ,2024-09-19 17:09:03
AnmfCmoog@mail.ru,UPDATE,2024-09-19 07:44:22
uErok@gmail.com,READ,2024-09-19 18:18:40
UYMzo@gmail.com,UPDATE,2024-09-19 00:08:40
uErok@gmail.com,UPDATE,2024-09-19 19:18:39
EDxOdPysyhFc@ya.ru,DELETE,2024-09-19 02:17:40
eLaYzunzsNM@mail.ru,UPDATE,2024-09-19 05:44:44
KudsVd@ya.ru,DELETE,2024-09-19 04:41:08
teIFMoTc@gmail.com,DELETE,2024-09-19 02:42:14
Tfult@ya.ru,CREATE,2024-09-19 08:16:35
BgISjzDIN@ya.ru,CREATE,2024-09-19 19:02:06
EDxOdPysyhFc@ya.ru,DELETE,2024-09-19 23:55:08
YzqUm@gmail.com,READ,2024-09-19 01:39:32
eLaYzunzsNM@mail.ru,CREATE,2024-09-19 09:02:28
eLaYzunzsNM@mail.ru,UPDATE,2024-09-19 22:28:54
UYMzo@gmail.com,CREATE,2024-09-19 01:39:18
UYMzo@gmail.com,READ,2024-09-19 02:12:35
EDxOdPysyhFc@ya.ru,UPDATE,2024-09-19 02:18:36
EDxOdPysyhFc@ya.ru,READ,2024-09-19 17:06:57
KudsVd@ya.ru,UPDATE,2024-09-19 18:44:14
teIFMoTc@gmail.com,UPDATE,2024-09-19 05:08:04
uErok@gmail.com,UPDATE,2024-09-19 11:20:41
eLaYzunzsNM@mail.ru,CREATE,2024-09-19 09:31:09
Tfult@ya.ru,UPDATE,2024-09-19 05:14:24
UYMzo@gmail.com,DELETE,2024-09-19 08:55:00
EDxOdPysyhFc@ya.ru,CREATE,2024-09-19 16:34:14
Tfult@ya.ru,DELETE,2024-09-19 05:22:39
Tfult@ya.ru,UPDATE,2024-09-19 05:50:13
AnmfCmoog@mail.ru,DELETE,2024-09-19 12:36:36
Tfult@ya.ru,READ,2024-09-19 19:56:50
eLaYzunzsNM@mail.ru,CREATE,2024-09-19 14:53:44
eLaYzunzsNM@mail.ru,READ,2024-09-19 01:05:33
AnmfCmoog@mail.ru,UPDATE,2024-09-19 07:36:13
Tfult@ya.ru,DELETE,2024-09-19 18:19:45
Tfult@ya.ru,READ,2024-09-19 14:15:59
uErok@gmail.com,DELETE,2024-09-19 11:42:44
uErok@gmail.com,CREATE,2024-09-19 18:08:49
uErok@gmail.com,CREATE,2024-09-19 02:06:06
EDxOdPysyhFc@ya.ru,DELETE,2024-09-19 09:44:31
AnmfCmoog@mail.ru,READ,2024-09-19 15:11:41
YzqUm@gmail.com,UPDATE,2024-09-19 03:42:05
YzqUm@gmail.com,DELETE,2024-09-19 21:11:30
YzqUm@gmail.com,CREATE,2024-09-19 17:50:00
AnmfCmoog@mail.ru,READ,2024-09-19 07:11:06
AnmfCmoog@mail.ru,DELETE,2024-09-19 16:38:07
KudsVd@ya.ru,UPDATE,2024-09-19 23:44:33
EDxOdPysyhFc@ya.ru,READ,2024-09-19 05:11:06
EDxOdPysyhFc@ya.ru,CREATE,2024-09-19 00:58:17
UYMzo@gmail.com,CREATE,2024-09-19 11:40:00
Tfult@ya.ru,CREATE,2024-09-19 08:03:01
teIFMoTc@gmail.com,DELETE,2024-09-19 09:34:29
YzqUm@gmail.com,READ,2024-09-19 00:49:54
YzqUm@gmail.com,READ,2024-09-19 07:08:41
eLaYzunzsNM@mail.ru,DELETE,2024-09-19 03:01:37
AnmfCmoog@mail.ru,READ,2024-09-19 16:43:52
KudsVd@ya.ru,READ,2024-09-19 03:10:43
teIFMoTc@gmail.com,CREATE,2024-09-19 21:12:27
BgISjzDIN@ya.ru,UPDATE,2024-09-19 03:29:00
EDxOdPysyhFc@ya.ru,UPDATE,2024-09-19 01:12:38
YzqUm@gmail.com,CREATE,2024-09-19 17:15:52
BgISjzDIN@ya.ru,DELETE,2024-09-19 18:10:26
UYMzo@gmail.com,READ,2024-09-19 07:31:18
eLaYzunzsNM@mail.ru,READ,2024-09-19 05:20:10
teIFMoTc@gmail.com,UPDATE,2024-09-19 16:13:06
AnmfCmoog@mail.ru,CREATE,2024-09-19 02:52:15
KudsVd@ya.ru,DELETE,2024-09-19 20:07:39
UYMzo@gmail.com,CREATE,2024-09-19 03:07:31
UYMzo@gmail.com,DELETE,2024-09-19 17:23:52
UYMzo@gmail.com,READ,2024-09-19 19:27:51
Tfult@ya.ru,CREATE,2024-09-19 12:41:19
uErok@gmail.com,UPDATE,2024-09-19 06:13:53
UYMzo@gmail.com,UPDATE,2024-09-19 15:10:45
AnmfCmoog@mail.ru,CREATE,2024-09-19 22:34:25
uErok@gmail.com,CREATE,2024-09-19 12:40:21
teIFMoTc@gmail.com,UPDATE,2024-09-19 20:13:43
Tfult@ya.ru,DELETE,2024-09-19 09:07:07
uErok@gmail.com,READ,2024-09-19 21:08:52
uErok@gmail.com,CREATE,2024-09-19 18:50:22
EDxOdPysyhFc@ya.ru,DELETE,2024-09-19 12:30:52
KudsVd@ya.ru,DELETE,2024-09-19 23:40:09
Tfult@ya.ru,UPDATE,2024-09-19 17:49:26
AnmfCmoog@mail.ru,UPDATE,2024-09-19 15:48:47
KudsVd@ya.ru,CREATE,2024-09-19 20:21:52
EDxOdPysyhFc@ya.ru,READ,2024-09-19 13:26:10
Tfult@ya.ru,DELETE,2024-09-19 12:05:11
BgISjzDIN@ya.ru,UPDATE,2024-09-19 02:25:24
UYMzo@gmail.com,UPDATE,2024-09-19 10:04:24
AnmfCmoog@mail.ru,READ,2024-09-19 18:14:52
YzqUm@gmail.com,DELETE,2024-09-19 14:26:36
uErok@gmail.com,READ,2024-09-19 01:09:09
Tfult@ya.ru,READ,2024-09-19 12:03:37
teIFMoTc@gmail.com,READ,2024-09-19 13:41:17
AnmfCmoog@mail.ru,READ,2024-09-19 01:31:14
YzqUm@gmail.com,READ,2024-09-19 06:36:52
eLaYzunzsNM@mail.ru,UPDATE,2024-09-19 22:38:42
KudsVd@ya.ru,READ,2024-09-19 00:11:58
eLaYzunzsNM@mail.ru,UPDATE,2024-09-19 21:23:40
eLaYzunzsNM@mail.ru,UPDATE,2024-09-19 03:47:31
uErok@gmail.com,CREATE,2024-09-19 22:42:35
EDxOdPysyhFc@ya.ru,UPDATE,2024-09-19 13:19:25
uErok@gmail.com,READ,2024-09-19 15:23:04
AnmfCmoog@mail.ru,UPDATE,2024-09-19 16:33:43
AnmfCmoog@mail.ru,READ,2024-09-19 04:10:19
KudsVd@ya.ru,UPDATE,2024-09-19 03:27:12
eLaYzunzsNM@mail.ru,CREATE,2024-09-19 09:10:19
KudsVd@ya.ru,CREATE,2024-09-19 01:02:22
UYMzo@gmail.com,READ,2024-09-19 20:15:32
YzqUm@gmail.com,DELETE,2024-09-19 20:41:25
teIFMoTc@gmail.com,READ,2024-09-19 01:41:08
uErok@gmail.com,UPDATE,2024-09-19 14:44:44
AnmfCmoog@mail.ru,DELETE,2024-09-19 17:20:54
EDxOdPysyhFc@ya.ru,READ,2024-09-19 06:32:58
teIFMoTc@gmail.com,READ,2024-09-19 04:34:19
AnmfCmoog@mail.ru,CREATE,2024-09-19 02:45:52
uErok@gmail.com,DELETE,2024-09-19 19:57:54
eLaYzunzsNM@mail.ru,UPDATE,2024-09-19 14:23:58
EDxOdPysyhFc@ya.ru,READ,2024-09-19 14:28:05
eLaYzunzsNM@mail.ru,CREATE,2024-09-19 01:55:38
UYMzo@gmail.com,CREATE,2024-09-19 22:51:57
UYMzo@gmail.com,UPDATE,2024-09-19 00:28:29
YzqUm@gmail.com,UPDATE,2024-09-19 15:07:35
Tfult@ya.ru,UPDATE,2024-09-19 13:12:18
EDxOdPysyhFc@ya.ru,CREATE,2024-09-19 22:32:18
BgISjzDIN@ya.ru,DELETE,2024-09-19 18:15:28
eLaYzunzsNM@mail.ru,CREATE,2024-09-19 02:34:35
uErok@gmail.com,UPDATE,2024-09-19 23:04:34
AnmfCmoog@mail.ru,CREATE,2024-09-19 01:38:46
Tfult@ya.ru,READ,2024-09-19 02:58:28
Tfult@ya.ru,CREATE,2024-09-19 15:39:18
YzqUm@gmail.com,CREATE,2024-09-19 07:30:33
UYMzo@gmail.com,DELETE,2024-09-19 20:07:04
eLaYzunzsNM@mail.ru,DELETE,2024-09-19 08:52:49
BgISjzDIN@ya.ru,READ,2024-09-19 00:36:58
eLaYzunzsNM@mail.ru,READ,2024-09-19 17:52:56
BgISjzDIN@ya.ru,READ,2024-09-19 18:05:40
eLaYzunzsNM@mail.ru,READ,2024-09-19 05:18:44
EDxOdPysyhFc@ya.ru,UPDATE,2024-09-19 14:30:21
eLaYzunzsNM@mail.ru,CREATE,2024-09-19 04:32:16
uErok@gmail.com,UPDATE,2024-09-19 20:49:47
eLaYzunzsNM@mail.ru,UPDATE,2024-09-19 04:06:50
teIFMoTc@gmail.com,READ,2024-09-19 01:09:46
UYMzo@gmail.com,READ,2024-09-19 23:47:43
eLaYzunzsNM@mail.ru,UPDATE,2024-09-19 22:43:29
eLaYzunzsNM@mail.ru,READ,2024-09-19 08:28:34
EDxOdPysyhFc@ya.ru,READ,2024-09-19 02:10:04
eLaYzunzsNM@mail.ru,DELETE,2024-09-19 18:22:58
AnmfCmoog@mail.ru,CREATE,2024-09-19 04:56:39
Tfult@ya.ru,CREATE,2024-09-19 03:34:02
eLaYzunzsNM@mail.ru,UPDATE,2024-09-19 02:35:57
UYMzo@gmail.com,UPDATE,2024-09-19 23:57:38
AnmfCmoog@mail.ru,UPDATE,2024-09-19 00:47:41
KudsVd@ya.ru,READ,2024-09-19 03:27:50
YzqUm@gmail.com,CREATE,2024-09-19 01:00:36
EDxOdPysyhFc@ya.ru,DELETE,2024-09-19 17:30:08
eLaYzunzsNM@mail.ru,DELETE,2024-09-19 01:05:51
AnmfCmoog@mail.ru,READ,2024-09-19 09:01:02
BgISjzDIN@ya.ru,DELETE,2024-09-19 01:39:40
teIFMoTc@gmail.com,CREATE,2024-09-19 12:02:06
uErok@gmail.com,UPDATE,2024-09-19 10:19:43
UYMzo@gmail.com,CREATE,2024-09-19 01:19:17
UYMzo@gmail.com,READ,2024-09-19 07:38:00
YzqUm@gmail.com,DELETE,2024-09-19 20:08:17
BgISjzDIN@ya.ru,CREATE,2024-09-19 21:54:01
EDxOdPysyhFc@ya.ru,DELETE,2024-09-19 23:30:48
YzqUm@gmail.com,READ,2024-09-19 19:09:30
BgISjzDIN@ya.ru,CREATE,2024-09-19 01:13:06
UYMzo@gmail.com,READ,2024-09-19 21:25:06
eLaYzunzsNM@mail.ru,READ,2024-09-19 23:47:43
KudsVd@ya.ru,UPDATE,2024-09-19 22:21:50
EDxOdPysyhFc@ya.ru,READ,2024-09-19 09:41:42
YzqUm@gmail.com,DELETE,2024-09-19 12:49:33
Tfult@ya.ru,READ,2024-09-19 04:12:09
BgISjzDIN@ya.ru,CREATE,2024-09-19 22:43:41
uErok@gmail.com,UPDATE,2024-09-19 09:05:56
BgISjzDIN@ya.ru,CREATE,2024-09-19 06:47:12
KudsVd@ya.ru,CREATE,2024-09-19 02:21:31
teIFMoTc@gmail.com,READ,2024-09-19 04:53:19
AnmfCmoog@mail.ru,DELETE,2024-09-19 11:24:41
YzqUm@gmail.com,READ,2024-09-19 20:14:00
AnmfCmoog@mail.ru,DELETE,2024-09-19 11:49:00
YzqUm@gmail.com,UPDATE,2024-09-19 03:56:54
EDxOdPysyhFc@ya.ru,CREATE,2024-09-19 04:23:03
AnmfCmoog@mail.ru,READ,2024-09-19 09:00:02
UYMzo@gmail.com,UPDATE,2024-09-19 21:08:46
BgISjzDIN@ya.ru,CREATE,2024-09-19 01:03:44
YzqUm@gmail.com,READ,2024-09-19 01:01:58
EDxOdPysyhFc@ya.ru,DELETE,2024-09-19 02:36:20
BgISjzDIN@ya.ru,READ,2024-09-19 07:41:59
teIFMoTc@gmail.com,DELETE,2024-09-19 19:10:58
UYMzo@gmail.com,READ,2024-09-19 16:24:47
uErok@gmail.com,CREATE,2024-09-19 14:32:44
AnmfCmoog@mail.ru,READ,2024-09-19 14:53:28
Tfult@ya.ru,DELETE,2024-09-19 17:37:29
UYMzo@gmail.com,CREATE,2024-09-19 02:51:59
uErok@gmail.com,CREATE,2024-09-19 00:42:12
AnmfCmoog@mail.ru,UPDATE,2024-09-19 07:11:52
AnmfCmoog@mail.ru,READ,2024-09-19 23:59:42
EDxOdPysyhFc@ya.ru,UPDATE,2024-09-19 10:49:40
EDxOdPysyhFc@ya.ru,UPDATE,2024-09-19 13:58:24
BgISjzDIN@ya.ru,DELETE,2024-09-19 16:05:49
AnmfCmoog@mail.ru,DELETE,2024-09-19 15:50:12
Tfult@ya.ru,READ,2024-09-19 14:33:02
BgISjzDIN@ya.ru,CREATE,2024-09-19 13:10:22
UYMzo@gmail.com,DELETE,2024-09-19 06:45:15
YzqUm@gmail.com,READ,2024-09-19 22:53:41
YzqUm@gmail.com,DELETE,2024-09-19 13:33:02
Tfult@ya.ru,DELETE,2024-09-19 16:59:51
KudsVd@ya.ru,CREATE,2024-09-19 07:11:28
uErok@gmail.com,UPDATE,2024-09-19 21:27:05
KudsVd@ya.ru,DELETE,2024-09-19 03:25:05
KudsVd@ya.ru,READ,2024-09-19 23:52:57
Tfult@ya.ru,DELETE,2024-09-19 00:06:18
teIFMoTc@gmail.com,CREATE,2024-09-19 19:18:21
teIFMoTc@gmail.com,UPDATE,2024-09-19 16:11:07
YzqUm@gmail.com,READ,2024-09-19 02:05:16
YzqUm@gmail.com,UPDATE,2024-09-19 03:32:47
Tfult@ya.ru,CREATE,2024-09-19 21:03:03
uErok@gmail.com,UPDATE,2024-09-19 08:30:14
BgISjzDIN@ya.ru,CREATE,2024-09-19 21:54:52
KudsVd@ya.ru,UPDATE,2024-09-19 00:32:26
AnmfCmoog@mail.ru,UPDATE,2024-09-19 00:20:38
EDxOdPysyhFc@ya.ru,UPDATE,2024-09-19 05:20:24
BgISjzDIN@ya.ru,READ,2024-09-19 00:35:44
eLaYzunzsNM@mail.ru,READ,2024-09-19 15:43:57
Tfult@ya.ru,READ,2024-09-19 06:38:32
AnmfCmoog@mail.ru,DELETE,2024-09-19 02:51:24
YzqUm@gmail.com,UPDATE,2024-09-19 13:39:29
AnmfCmoog@mail.ru,DELETE,2024-09-19 10:38:43
UYMzo@gmail.com,READ,2024-09-19 13:08:26
teIFMoTc@gmail.com,READ,2024-09-19 23:45:10
Tfult@ya.ru,READ,2024-09-19 16:10:43
Tfult@ya.ru,READ,2024-09-19 23:10:37
YzqUm@gmail.com,UPDATE,2024-09-19 06:43:18
eLaYzunzsNM@mail.ru,DELETE,2024-09-19 07:12:01
EDxOdPysyhFc@ya.ru,READ,2024-09-19 20:02:27
AnmfCmoog@mail.ru,DELETE,2024-09-19 23:26:49
EDxOdPysyhFc@ya.ru,READ,2024-09-19 08:09:59
Tfult@ya.ru,CREATE,2024-09-19 00:55:13
teIFMoTc@gmail.com,UPDATE,2024-09-19 12:52:45
eLaYzunzsNM@mail.ru,CREATE,2024-09-19 11:14:38
KudsVd@ya.ru,CREATE,2024-09-19 07:27:09
AnmfCmoog@mail.ru,DELETE,2024-09-19 22:54:07
UYMzo@gmail.com,READ,2024-09-19 04:02:41
EDxOdPysyhFc@ya.ru,UPDATE,2024-09-19 08:36:17
eLaYzunzsNM@mail.ru,READ,2024-09-19 10:59:26
Tfult@ya.ru,CREATE,2024-09-19 10:50:25
UYMzo@gmail.com,UPDATE,2024-09-19 09:55:07
EDxOdPysyhFc@ya.ru,UPDATE,2024-09-19 19:58:03
teIFMoTc@gmail.com,UPDATE,2024-09-19 07:09:10
eLaYzunzsNM@mail.ru,DELETE,2024-09-19 09:10:24
UYMzo@gmail.com,READ,2024-09-19 14:53:18
YzqUm@gmail.com,UPDATE,2024-09-19 20:58:43
UYMzo@gmail.com,READ,2024-09-19 08:17:01
UYMzo@gmail.com,READ,2024-09-19 20:15:35
UYMzo@gmail.com,UPDATE,2024-09-19 06:11:06
uErok@gmail.com,DELETE,2024-09-19 14:29:44
AnmfCmoog@mail.ru,UPDATE,2024-09-19 04:13:09
EDxOdPysyhFc@ya.ru,DELETE,2024-09-19 23:03:57
Tfult@ya.ru,READ,2024-09-19 05:11:02
UYMzo@gmail.com,DELETE,2024-09-19 04:37:20
teIFMoTc@gmail.com,UPDATE,2024-09-19 00:46:21
YzqUm@gmail.com,CREATE,2024-09-19 19:45:38
KudsVd@ya.ru,DELETE,2024-09-19 00:31:15
eLaYzunzsNM@mail.ru,DELETE,2024-09-19 06:32:51
teIFMoTc@gmail.com,READ,2024-09-19 23:46:33
AnmfCmoog@mail.ru,CREATE,2024-09-19 17:03:50
teIFMoTc@gmail.com,UPDATE,2024-09-19 20:09:36
EDxOdPysyhFc@ya.ru,CREATE,2024-09-19 11:31:56
teIFMoTc@gmail.com,CREATE,2024-09-19 17:20:42
uErok@gmail.com,UPDATE,2024-09-19 19:02:43
teIFMoTc@gmail.com,DELETE,2024-09-19 02:24:24
YzqUm@gmail.com,READ,2024-09-19 22:02:10
UYMzo@gmail.com,READ,2024-09-19 19:13:29
uErok@gmail.com,READ,2024-09-19 03:33:47
KudsVd@ya.ru,READ,2024-09-19 00:42:29
UYMzo@gmail.com,READ,2024-09-19 07:13:10
EDxOdPysyhFc@ya.ru,CREATE,2024-09-19 15:07:30
AnmfCmoog@mail.ru,DELETE,2024-09-19 23:02:14
UYMzo@gmail.com,READ,2024-09-19 19:06:08
Tfult@ya.ru,CREATE,2024-09-19 03:14:02
KudsVd@ya.ru,UPDATE,2024-09-19 21:29:23
AnmfCmoog@mail.ru,READ,2024-09-19 12:56:53
Tfult@ya.ru,CREATE,2024-09-19 15:59:58
KudsVd@ya.ru,DELETE,2024-09-19 17:02:45
teIFMoTc@gmail.com,DELETE,2024-09-19 23:05:03
AnmfCmoog@mail.ru,CREATE,2024-09-19 08:52:40
teIFMoTc@gmail.com,DELETE,2024-09-19 13:33:18
BgISjzDIN@ya.ru,READ,2024-09-19 16:04:58
AnmfCmoog@mail.ru,DELETE,2024-09-19 15:54:03
Tfult@ya.ru,UPDATE,2024-09-19 17:46:41
YzqUm@gmail.com,CREATE,2024-09-19 09:33:47
EDxOdPysyhFc@ya.ru,DELETE,2024-09-19 01:07:01
YzqUm@gmail.com,UPDATE,2024-09-19 19:05:20
AnmfCmoog@mail.ru,READ,2024-09-19 15:35:25
BgISjzDIN@ya.ru,CREATE,2024-09-19 11:22:20
UYMzo@gmail.com,DELETE,2024-09-19 21:10:53
AnmfCmoog@mail.ru,DELETE,2024-09-19 12:18:07
eLaYzunzsNM@mail.ru,DELETE,2024-09-19 19:26:01
AnmfCmoog@mail.ru,DELETE,2024-09-19 19:11:51
eLaYzunzsNM@mail.ru,UPDATE,2024-09-19 05:31:55
BgISjzDIN@ya.ru,DELETE,2024-09-19 17:09:57
KudsVd@ya.ru,CREATE,2024-09-19 23:04:29
teIFMoTc@gmail.com,UPDATE,2024-09-19 13:04:13
eLaYzunzsNM@mail.ru,UPDATE,2024-09-19 06:06:47
uErok@gmail.com,UPDATE,2024-09-19 23:12:17
YzqUm@gmail.com,DELETE,2024-09-19 08:10:58
teIFMoTc@gmail.com,UPDATE,2024-09-19 04:03:37
AnmfCmoog@mail.ru,UPDATE,2024-09-19 10:44:04
uErok@gmail.com,CREATE,2024-09-19 11:11:41
EDxOdPysyhFc@ya.ru,UPDATE,2024-09-19 12:26:34
YzqUm@gmail.com,READ,2024-09-19 04:35:32
teIFMoTc@gmail.com,CREATE,2024-09-19 13:13:45
teIFMoTc@gmail.com,READ,2024-09-19 07:52:15
UYMzo@gmail.com,READ,2024-09-19 04:41:51
teIFMoTc@gmail.com,READ,2024-09-19 20:40:49
YzqUm@gmail.com,READ,2024-09-19 02:31:21
EDxOdPysyhFc@ya.ru,DELETE,2024-09-19 06:45:21
uErok@gmail.com,READ,2024-09-19 07:37:37
BgISjzDIN@ya.ru,READ,2024-09-19 13:40:12
Tfult@ya.ru,READ,2024-09-19 11:27:24
YzqUm@gmail.com,READ,2024-09-19 01:41:46
UYMzo@gmail.com,READ,2024-09-19 20:19:00
AnmfCmoog@mail.ru,DELETE,2024-09-19 20:20:37
BgISjzDIN@ya.ru,UPDATE,2024-09-19 02:54:57
UYMzo@gmail.com,UPDATE,2024-09-19 03:03:36
EDxOdPysyhFc@ya.ru,CREATE,2024-09-19 00:05:39
eLaYzunzsNM@mail.ru,READ,2024-09-19 03:03:43
BgISjzDIN@ya.ru,CREATE,2024-09-19 06:31:14
BgISjzDIN@ya.ru,DELETE,2024-09-19 15:03:31
BgISjzDIN@ya.ru,READ,2024-09-19 19:35:27
UYMzo@gmail.com,UPDATE,2024-09-19 14:29:03
UYMzo@gmail.com,UPDATE,2024-09-19 13:58:20
teIFMoTc@gmail.com,READ,2024-09-19 02:50:43
Tfult@ya.ru,CREATE,2024-09-19 04:15:36
UYMzo@gmail.com,DELETE,2024-09-19 15:22:29
teIFMoTc@gmail.com,UPDATE,2024-09-19 13:59:55
eLaYzunzsNM@mail.ru,CREATE,2024-09-19 19:12:08
EDxOdPysyhFc@ya.ru,READ,2024-09-19 23:57:31
BgISjzDIN@ya.ru,UPDATE,2024-09-19 19:19:50
Tfult@ya.ru,DELETE,2024-09-19 07:29:30
EDxOdPysyhFc@ya.ru,READ,2024-09-19 00:25:50
uErok@gmail.com,CREATE,2024-09-19 06:18:14
EDxOdPysyhFc@ya.ru,DELETE,2024-09-19 13:31:31
EDxOdPysyhFc@ya.ru,DELETE,2024-09-19 09:09:14
Tfult@ya.ru,DELETE,2024-09-19 17:01:11
KudsVd@ya.ru,READ,2024-09-19 20:18:39
EDxOdPysyhFc@ya.ru,CREATE,2024-09-19 04:31:55
BgISjzDIN@ya.ru,UPDATE,2024-09-19 02:52:44
eLaYzunzsNM@mail.ru,READ,2024-09-19 08:01:01
BgISjzDIN@ya.ru,UPDATE,2024-09-19 15:20:11
BgISjzDIN@ya.ru,READ,2024-09-19 01:57:05
teIFMoTc@gmail.com,UPDATE,2024-09-19 06:09:20
Tfult@ya.ru,DELETE,2024-09-19 14:50:37
EDxOdPysyhFc@ya.ru,DELETE,2024-09-19 21:11:04
eLaYzunzsNM@mail.ru,READ,2024-09-19 06:01:38
teIFMoTc@gmail.com,DELETE,2024-09-19 18:43:53
BgISjzDIN@ya.ru,DELETE,2024-09-19 02:06:35
teIFMoTc@gmail.com,DELETE,2024-09-19 02:27:09
AnmfCmoog@mail.ru,READ,2024-09-19 09:43:51
AnmfCmoog@mail.ru,READ,2024-09-19 18:20:47
EDxOdPysyhFc@ya.ru,CREATE,2024-09-19 03:17:45
AnmfCmoog@mail.ru,READ,2024-09-19 01:55:00
UYMzo@gmail.com,READ,2024-09-19 17:08:33
BgISjzDIN@ya.ru,DELETE,2024-09-19 02:53:16
uErok@gmail.com,UPDATE,2024-09-19 10:24:07
EDxOdPysyhFc@ya.ru,DELETE,2024-09-19 22:20:27
Tfult@ya.ru,DELETE,2024-09-19 03:34:26
AnmfCmoog@mail.ru,DELETE,2024-09-19 14:59:54
UYMzo@gmail.com,UPDATE,2024-09-19 12:46:05
BgISjzDIN@ya.ru,READ,2024-09-19 15:49:54
eLaYzunzsNM@mail.ru,UPDATE,2024-09-19 22:23:34
EDxOdPysyhFc@ya.ru,UPDATE,2024-09-19 18:07:55
teIFMoTc@gmail.com,DELETE,2024-09-19 03:43:32
Tfult@ya.ru,CREATE,2024-09-19 10:56:06
AnmfCmoog@mail.ru,UPDATE,2024-09-19 02:37:37
YzqUm@gmail.com,UPDATE,2024-09-19 20:01:35
teIFMoTc@gmail.com,DELETE,2024-09-19 09:41:39
teIFMoTc@gmail.com,DELETE,2024-09-19 18:45:00
teIFMoTc@gmail.com,READ,2024-09-19 05:19:01
EDxOdPysyhFc@ya.ru,UPDATE,2024-09-19 17:10:01
UYMzo@gmail.com,READ,2024-09-19 16:39:43
UYMzo@gmail.com,UPDATE,2024-09-19 22:59:20
Tfult@ya.ru,UPDATE,2024-09-19 12:31:05
UYMzo@gmail.com,UPDATE,2024-09-19 13:03:59
uErok@gmail.com,CREATE,2024-09-19 11:59:26
uErok@gmail.com,CREATE,2024-09-19 08:06:09
eLaYzunzsNM@mail.ru,READ,2024-09-19 05:21:35
YzqUm@gmail.com,READ,2024-09-19 07:06:05
teIFMoTc@gmail.com,READ,2024-09-19 17:43:19
AnmfCmoog@mail.ru,DELETE,2024-09-19 03:13:21
UYMzo@gmail.com,CREATE,2024-09-19 11:34:23
AnmfCmoog@mail.ru,UPDATE,2024-09-19 12:41:04
Tfult@ya.ru,DELETE,2024-09-19 07:21:56
AnmfCmoog@mail.ru,DELETE,2024-09-19 14:46:18
KudsVd@ya.ru,READ,2024-09-19 15:48:56
Tfult@ya.ru,READ,2024-09-19 17:35:38
uErok@gmail.com,READ,2024-09-19 17:46:53
UYMzo@gmail.com,CREATE,2024-09-19 05:06:59
teIFMoTc@gmail.com,READ,2024-09-19 01:26:11
AnmfCmoog@mail.ru,READ,2024-09-19 01:23:02
AnmfCmoog@mail.ru,UPDATE,2024-09-19 00:21:06
AnmfCmoog@mail.ru,UPDATE,2024-09-19 20:41:57
UYMzo@gmail.com,READ,2024-09-19 09:18:28
EDxOdPysyhFc@ya.ru,CREATE,2024-09-19 21:20:08
UYMzo@gmail.com,READ,2024-09-19 11:14:09
eLaYzunzsNM@mail.ru,DELETE,2024-09-19 17:26:09
UYMzo@gmail.com,CREATE,2024-09-19 09:52:03
uErok@gmail.com,READ,2024-09-19 13:32:56
teIFMoTc@gmail.com,CREATE,2024-09-19 01:36:33
uErok@gmail.com,CREATE,2024-09-19 03:16:28
eLaYzunzsNM@mail.ru,READ,2024-09-19 13:21:31
EDxOdPysyhFc@ya.ru,READ,2024-09-19 12:11:23
EDxOdPysyhFc@ya.ru,UPDATE,2024-09-19 10:34:45
UYMzo@gmail.com,READ,2024-09-19 16:03:20
AnmfCmoog@mail.ru,UPDATE,2024-09-19 23:39:04
teIFMoTc@gmail.com,READ,2024-09-19 04:30:26
AnmfCmoog@mail.ru,UPDATE,2024-09-19 12:39:14
uErok@gmail.com,DELETE,2024-09-19 20:51:55
uErok@gmail.com,READ,2024-09-19 04:23:02
AnmfCmoog@mail.ru,READ,2024-09-19 11:14:40
EDxOdPysyhFc@ya.ru,READ,2024-09-19 15:18:55
EDxOdPysyhFc@ya.ru,UPDATE,2024-09-19 21:43:48
EDxOdPysyhFc@ya.ru,UPDATE,2024-09-19 21:08:18
Tfult@ya.ru,UPDATE,2024-09-19 13:57:50
KudsVd@ya.ru,CREATE,2024-09-19 15:40:13
BgISjzDIN@ya.ru,CREATE,2024-09-19 22:17:55
KudsVd@ya.ru,READ,2024-09-19 06:12:28
EDxOdPysyhFc@ya.ru,DELETE,2024-09-19 08:20:06
EDxOdPysyhFc@ya.ru,READ,2024-09-19 20:42:50
eLaYzunzsNM@mail.ru,DELETE,2024-09-19 19:18:41
EDxOdPysyhFc@ya.ru,READ,2024-09-19 09:55:39
AnmfCmoog@mail.ru,DELETE,2024-09-19 00:06:00
Tfult@ya.ru,CREATE,2024-09-19 06:08:43
UYMzo@gmail.com,READ,2024-09-19 22:30:02
Tfult@ya.ru,DELETE,2024-09-19 20:34:41
teIFMoTc@gmail.com,DELETE,2024-09-19 16:02:51
AnmfCmoog@mail.ru,DELETE,2024-09-19 06:57:43
teIFMoTc@gmail.com,DELETE,2024-09-19 05:11:44
UYMzo@gmail.com,READ,2024-09-19 17:09:51
UYMzo@gmail.com,UPDATE,2024-09-19 08:37:24
teIFMoTc@gmail.com,UPDATE,2024-09-19 02:57:39
EDxOdPysyhFc@ya.ru,DELETE,2024-09-19 19:06:23
Tfult@ya.ru,READ,2024-09-19 20:25:45
Tfult@ya.ru,UPDATE,2024-09-19 15:12:56
teIFMoTc@gmail.com,READ,2024-09-19 09:36:44
uErok@gmail.com,UPDATE,2024-09-19 01:22:47
AnmfCmoog@mail.ru,CREATE,2024-09-19 03:00:28
uErok@gmail.com,DELETE,2024-09-19 13:01:18
AnmfCmoog@mail.ru,DELETE,2024-09-19 12:39:25
KudsVd@ya.ru,CREATE,2024-09-19 19:45:46
eLaYzunzsNM@mail.ru,UPDATE,2024-09-19 16:55:05
teIFMoTc@gmail.com,UPDATE,2024-09-19 11:52:44
UYMzo@gmail.com,CREATE,2024-09-19 04:05:35
Tfult@ya.ru,UPDATE,2024-09-19 11:47:05
teIFMoTc@gmail.com,READ,2024-09-19 01:56:38
EDxOdPysyhFc@ya.ru,READ,2024-09-19 08:15:12
AnmfCmoog@mail.ru,READ,2024-09-19 06:50:47
YzqUm@gmail.com,READ,2024-09-19 04:59:37
EDxOdPysyhFc@ya.ru,READ,2024-09-19 19:25:47
Tfult@ya.ru,DELETE,2024-09-19 23:12:24
uErok@gmail.com,CREATE,2024-09-19 08:22:00
eLaYzunzsNM@mail.ru,DELETE,2024-09-19 00:52:09
teIFMoTc@gmail.com,CREATE,2024-09-19 14:53:00
eLaYzunzsNM@mail.ru,UPDATE,2024-09-19 00:58:30
uErok@gmail.com,READ,2024-09-19 17:33:36
EDxOdPysyhFc@ya.ru,CREATE,2024-09-19 07:29:47
AnmfCmoog@mail.ru,DELETE,2024-09-19 15:57:31
eLaYzunzsNM@mail.ru,UPDATE,2024-09-19 22:21:05
eLaYzunzsNM@mail.ru,CREATE,2024-09-19 01:06:38
KudsVd@ya.ru,READ,2024-09-19 14:34:56
Tfult@ya.ru,UPDATE,2024-09-19 13:47:27
uErok@gmail.com,CREATE,2024-09-19 01:22:15
BgISjzDIN@ya.ru,READ,2024-09-19 17:13:16
teIFMoTc@gmail.com,UPDATE,2024-09-19 12:41:52
Tfult@ya.ru,READ,2024-09-19 23:53:14
teIFMoTc@gmail.com,CREATE,2024-09-19 14:36:27
KudsVd@ya.ru,DELETE,2024-09-19 14:45:13
YzqUm@gmail.com,READ,2024-09-19 00:16:06
BgISjzDIN@ya.ru,READ,2024-09-19 22:37:48
EDxOdPysyhFc@ya.ru,UPDATE,2024-09-19 05:59:18
uErok@gmail.com,UPDATE,2024-09-19 23:50:09
eLaYzunzsNM@mail.ru,CREATE,2024-09-19 08:42:29
BgISjzDIN@ya.ru,DELETE,2024-09-19 17:01:44
KudsVd@ya.ru,UPDATE,2024-09-19 16:21:48
YzqUm@gmail.com,DELETE,2024-09-19 07:31:48
Tfult@ya.ru,UPDATE,2024-09-19 08:08:34
EDxOdPysyhFc@ya.ru,UPDATE,2024-09-19 07:16:36
AnmfCmoog@mail.ru,CREATE,2024-09-19 22:46:55
BgISjzDIN@ya.ru,UPDATE,2024-09-19 08:56:35
Tfult@ya.ru,DELETE,2024-09-19 13:48:00
KudsVd@ya.ru,CREATE,2024-09-19 05:31:25
uErok@gmail.com,READ,2024-09-19 00:34:53
UYMzo@gmail.com,CREATE,2024-09-19 22:08:42
eLaYzunzsNM@mail.ru,CREATE,2024-09-19 04:50:11
Tfult@ya.ru,READ,2024-09-19 04:19:01
EDxOdPysyhFc@ya.ru,CREATE,2024-09-19 20:25:06
eLaYzunzsNM@mail.ru,DELETE,2024-09-19 03:36:19
AnmfCmoog@mail.ru,DELETE,2024-09-19 11:56:27
Tfult@ya.ru,UPDATE,2024-09-19 09:20:21
BgISjzDIN@ya.ru,DELETE,2024-09-19 19:29:01
YzqUm@gmail.com,READ,2024-09-19 22:32:38
teIFMoTc@gmail.com,DELETE,2024-09-19 21:05:23
teIFMoTc@gmail.com,CREATE,2024-09-19 04:24:49
Tfult@ya.ru,CREATE,2024-09-19 12:35:39
KudsVd@ya.ru,DELETE,2024-09-19 21:44:18
KudsVd@ya.ru,CREATE,2024-09-19 23:41:50
YzqUm@gmail.com,DELETE,2024-09-19 07:58:08
YzqUm@gmail.com,READ,2024-09-19 09:34:17
AnmfCmoog@mail.ru,READ,2024-09-19 09:46:07
KudsVd@ya.ru,UPDATE,2024-09-19 14:25:30
BgISjzDIN@ya.ru,CREATE,2024-09-19 19:20:42
YzqUm@gmail.com,UPDATE,2024-09-19 02:17:08
eLaYzunzsNM@mail.ru,CREATE,2024-09-19 20:01:33
BgISjzDIN@ya.ru,UPDATE,2024-09-19 19:10:05
Tfult@ya.ru,CREATE,2024-09-19 05:00:43
eLaYzunzsNM@mail.ru,DELETE,2024-09-19 12:41:41
KudsVd@ya.ru,DELETE,2024-09-19 04:29:16
Tfult@ya.ru,CREATE,2024-09-19 08:14:50
AnmfCmoog@mail.ru,CREATE,2024-09-19 19:01:44
YzqUm@gmail.com,READ,2024-09-19 08:11:23
AnmfCmoog@mail.ru,CREATE,2024-09-19 17:46:00
KudsVd@ya.ru,UPDATE,2024-09-19 17:56:55
BgISjzDIN@ya.ru,CREATE,2024-09-19 02:53:46
UYMzo@gmail.com,UPDATE,2024-09-19 10:37:33
KudsVd@ya.ru,READ,2024-09-19 10:21:23
AnmfCmoog@mail.ru,DELETE,2024-09-19 21:44:36
UYMzo@gmail.com,UPDATE,2024-09-19 20:13:05
Tfult@ya.ru,UPDATE,2024-09-19 11:37:06
EDxOdPysyhFc@ya.ru,READ,2024-09-19 04:21:29
BgISjzDIN@ya.ru,CREATE,2024-09-19 11:25:37
EDxOdPysyhFc@ya.ru,UPDATE,2024-09-19 19:25:57
AnmfCmoog@mail.ru,DELETE,2024-09-19 06:33:14
BgISjzDIN@ya.ru,CREATE,2024-09-19 11:57:37
teIFMoTc@gmail.com,UPDATE,2024-09-19 22:48:02
AnmfCmoog@mail.ru,READ,2024-09-19 20:44:44
UYMzo@gmail.com,READ,2024-09-19 02:15:07
EDxOdPysyhFc@ya.ru,READ,2024-09-19 19:16:46
YzqUm@gmail.com,READ,2024-09-19 10:35:09
UYMzo@gmail.com,DELETE,2024-09-19 20:31:32
EDxOdPysyhFc@ya.ru,READ,2024-09-19 11:47:44
BgISjzDIN@ya.ru,CREATE,2024-09-19 05:26:09
AnmfCmoog@mail.ru,DELETE,2024-09-19 16:20:35
eLaYzunzsNM@mail.ru,DELETE,2024-09-19 10:49:05
BgISjzDIN@ya.ru,UPDATE,2024-09-19 07:39:56
teIFMoTc@gmail.com,READ,2024-09-19 08:38:33
Tfult@ya.ru,READ,2024-09-19 09:05:49
AnmfCmoog@mail.ru,CREATE,2024-09-19 07:08:05
Tfult@ya.ru,UPDATE,2024-09-19 07:07:03
KudsVd@ya.ru,DELETE,2024-09-19 13:08:35
Tfult@ya.ru,UPDATE,2024-09-19 21:52:39
AnmfCmoog@mail.ru,UPDATE,2024-09-19 06:43:27
eLaYzunzsNM@mail.ru,UPDATE,2024-09-19 16:55:37
KudsVd@ya.ru,UPDATE,2024-09-19 08:11:21
UYMzo@gmail.com,DELETE,2024-09-19 16:27:50
AnmfCmoog@mail.ru,CREATE,2024-09-19 07:39:18
YzqUm@gmail.com,CREATE,2024-09-19 18:42:40
YzqUm@gmail.com,CREATE,2024-09-19 01:00:01
YzqUm@gmail.com,READ,2024-09-19 01:59:50
UYMzo@gmail.com,DELETE,2024-09-19 22:54:11
uErok@gmail.com,READ,2024-09-19 17:23:42
YzqUm@gmail.com,DELETE,2024-09-19 15:55:02
teIFMoTc@gmail.com,READ,2024-09-19 00:22:40
YzqUm@gmail.com,DELETE,2024-09-19 05:12:04
teIFMoTc@gmail.com,UPDATE,2024-09-19 18:40:45
UYMzo@gmail.com,UPDATE,2024-09-19 16:36:28
BgISjzDIN@ya.ru,READ,2024-09-19 08:56:49
UYMzo@gmail.com,UPDATE,2024-09-19 22:59:37
UYMzo@gmail.com,UPDATE,2024-09-19 09:25:21
EDxOdPysyhFc@ya.ru,READ,2024-09-19 00:25:10
AnmfCmoog@mail.ru,CREATE,2024-09-19 17:19:05
UYMzo@gmail.com,READ,2024-09-19 15:11:08
Tfult@ya.ru,READ,2024-09-19 02:08:11
teIFMoTc@gmail.com,CREATE,2024-09-19 06:57:19
eLaYzunzsNM@mail.ru,CREATE,2024-09-19 20:45:37
YzqUm@gmail.com,READ,2024-09-19 14:23:16
EDxOdPysyhFc@ya.ru,CREATE,2024-09-19 13:52:23
eLaYzunzsNM@mail.ru,READ,2024-09-19 21:01:56
eLaYzunzsNM@mail.ru,READ,2024-09-19 06:18:28
EDxOdPysyhFc@ya.ru,DELETE,2024-09-19 01:19:42
KudsVd@ya.ru,CREATE,2024-09-19 04:52:21
Tfult@ya.ru,DELETE,2024-09-19 08:08:11
YzqUm@gmail.com,DELETE,2024-09-19 23:39:54
uErok@gmail.com,READ,2024-09-19 00:40:17
KudsVd@ya.ru,CREATE,2024-09-19 19:46:39
YzqUm@gmail.com,UPDATE,2024-09-19 08:05:23
AnmfCmoog@mail.ru,UPDATE,2024-09-19 21:02:19
BgISjzDIN@ya.ru,UPDATE,2024-09-19 06:53:47
eLaYzunzsNM@mail.ru,CREATE,2024-09-19 22:06:54
YzqUm@gmail.com,CREATE,2024-09-19 11:41:36
KudsVd@ya.ru,CREATE,2024-09-19 02:50:17
YzqUm@gmail.com,READ,2024-09-19 13:28:29
EDxOdPysyhFc@ya.ru,READ,2024-09-19 13:09:48
UYMzo@gmail.com,UPDATE,2024-09-19 18:10:35
AnmfCmoog@mail.ru,READ,2024-09-19 03:54:26
BgISjzDIN@ya.ru,DELETE,2024-09-19 07:01:31
uErok@gmail.com,READ,2024-09-19 02:33:00
EDxOdPysyhFc@ya.ru,UPDATE,2024-09-19 13:10:57
KudsVd@ya.ru,UPDATE,2024-09-19 20:05:33
uErok@gmail.com,UPDATE,2024-09-19 06:17:35
UYMzo@gmail.com,READ,2024-09-19 10:38:42
YzqUm@gmail.com,DELETE,2024-09-19 19:49:16
teIFMoTc@gmail.com,CREATE,2024-09-19 01:07:05
teIFMoTc@gmail.com,CREATE,2024-09-19 00:15:30
KudsVd@ya.ru,CREATE,2024-09-19 01:10:34
Tfult@ya.ru,READ,2024-09-19 02:22:53
UYMzo@gmail.com,UPDATE,2024-09-19 22:25:08
EDxOdPysyhFc@ya.ru,READ,2024-09-19 15:16:34
AnmfCmoog@mail.ru,CREATE,2024-09-19 12:52:47
uErok@gmail.com,DELETE,2024-09-19 09:39:08
EDxOdPysyhFc@ya.ru,CREATE,2024-09-19 01:06:55
AnmfCmoog@mail.ru,UPDATE,2024-09-19 23:36:01
UYMzo@gmail.com,UPDATE,2024-09-19 00:02:34
AnmfCmoog@mail.ru,READ,2024-09-19 07:11:46
EDxOdPysyhFc@ya.ru,DELETE,2024-09-19 13:39:12
KudsVd@ya.ru,UPDATE,2024-09-19 19:19:00
KudsVd@ya.ru,READ,2024-09-19 06:36:20
KudsVd@ya.ru,READ,2024-09-19 11:45:32
EDxOdPysyhFc@ya.ru,CREATE,2024-09-19 14:00:29
UYMzo@gmail.com,DELETE,2024-09-19 06:26:57
Tfult@ya.ru,READ,2024-09-19 23:54:51
UYMzo@gmail.com,DELETE,2024-09-19 14:47:15
EDxOdPysyhFc@ya.ru,DELETE,2024-09-19 07:34:42
UYMzo@gmail.com,UPDATE,2024-09-19 08:44:46
Tfult@ya.ru,CREATE,2024-09-19 18:48:44
KudsVd@ya.ru,READ,2024-09-19 08:45:07
Tfult@ya.ru,DELETE,2024-09-19 12:59:06
AnmfCmoog@mail.ru,CREATE,2024-09-19 21:21:10
Tfult@ya.ru,READ,2024-09-19 07:08:59
Tfult@ya.ru,UPDATE,2024-09-19 04:14:02
uErok@gmail.com,READ,2024-09-19 13:45:11
EDxOdPysyhFc@ya.ru,UPDATE,2024-09-19 19:20:49
KudsVd@ya.ru,READ,2024-09-19 21:55:54
teIFMoTc@gmail.com,CREATE,2024-09-19 20:13:02
eLaYzunzsNM@mail.ru,UPDATE,2024-09-19 07:34:54
eLaYzunzsNM@mail.ru,READ,2024-09-19 05:11:23
Tfult@ya.ru,CREATE,2024-09-19 21:10:04
AnmfCmoog@mail.ru,DELETE,2024-09-19 06:36:07
uErok@gmail.com,UPDATE,2024-09-19 15:38:46
teIFMoTc@gmail.com,DELETE,2024-09-19 17:36:43
eLaYzunzsNM@mail.ru,CREATE,2024-09-19 17:52:13
BgISjzDIN@ya.ru,UPDATE,2024-09-19 18:23:01
uErok@gmail.com,DELETE,2024-09-19 02:22:06
uErok@gmail.com,CREATE,2024-09-19 13:57:29
eLaYzunzsNM@mail.ru,CREATE,2024-09-19 16:12:40
BgISjzDIN@ya.ru,UPDATE,2024-09-19 18:53:04
uErok@gmail.com,READ,2024-09-19 09:26:57
teIFMoTc@gmail.com,UPDATE,2024-09-19 14:37:58
Tfult@ya.ru,CREATE,2024-09-19 08:53:14
teIFMoTc@gmail.com,CREATE,2024-09-19 23:54:23
KudsVd@ya.ru,DELETE,2024-09-19 05:26:05
UYMzo@gmail.com,UPDATE,2024-09-19 05:59:50
Tfult@ya.ru,READ,2024-09-19 23:08:26
EDxOdPysyhFc@ya.ru,CREATE,2024-09-19 21:59:39
YzqUm@gmail.com,DELETE,2024-09-19 10:29:42
eLaYzunzsNM@mail.ru,DELETE,2024-09-19 21:30:50
teIFMoTc@gmail.com,UPDATE,2024-09-19 09:34:07
AnmfCmoog@mail.ru,DELETE,2024-09-19 06:43:07
uErok@gmail.com,DELETE,2024-09-19 14:12:54
AnmfCmoog@mail.ru,DELETE,2024-09-19 11:13:24
EDxOdPysyhFc@ya.ru,UPDATE,2024-09-19 10:19:16
YzqUm@gmail.com,READ,2024-09-19 06:44:33
Tfult@ya.ru,READ,2024-09-19 03:48:41
teIFMoTc@gmail.com,UPDATE,2024-09-19 15:36:31
uErok@gmail.com,CREATE,2024-09-19 20:52:11
KudsVd@ya.ru,CREATE,2024-09-19 21:26:53
Tfult@ya.ru,DELETE,2024-09-19 05:34:54
BgISjzDIN@ya.ru,READ,2024-09-19 08:57:40
KudsVd@ya.ru,READ,2024-09-19 18:30:56
uErok@gmail.com,DELETE,2024-09-19 20:51:28
YzqUm@gmail.com,DELETE,2024-09-19 04:08:19
AnmfCmoog@mail.ru,UPDATE,2024-09-19 00:39:08
Tfult@ya.ru,READ,2024-09-19 10:43:23
teIFMoTc@gmail.com,CREATE,2024-09-19 16:00:39
teIFMoTc@gmail.com,UPDATE,2024-09-19 16:53:39
uErok@gmail.com,UPDATE,2024-09-19 14:53:51
Tfult@ya.ru,CREATE,2024-09-19 04:28:45
uErok@gmail.com,DELETE,2024-09-19 07:52:15
YzqUm@gmail.com,UPDATE,2024-09-19 19:49:59
KudsVd@ya.ru,DELETE,2024-09-19 17:58:42
UYMzo@gmail.com,DELETE,2024-09-19 06:06:08
eLaYzunzsNM@mail.ru,CREATE,2024-09-19 23:26:40
Tfult@ya.ru,UPDATE,2024-09-19 11:08:43
EDxOdPysyhFc@ya.ru,CREATE,2024-09-19 17:56:01
Tfult@ya.ru,CREATE,2024-09-19 14:26:39
EDxOdPysyhFc@ya.ru,DELETE,2024-09-19 20:57:06
teIFMoTc@gmail.com,UPDATE,2024-09-19 19:13:06
BgISjzDIN@ya.ru,READ,2024-09-19 22:18:24
EDxOdPysyhFc@ya.ru,READ,2024-09-19 06:33:15
YzqUm@gmail.com,UPDATE,2024-09-19 19:55:34
teIFMoTc@gmail.com,DELETE,2024-09-19 07:07:02
uErok@gmail.com,CREATE,2024-09-19 02:25:59
AnmfCmoog@mail.ru,DELETE,2024-09-19 14:15:08
BgISjzDIN@ya.ru,READ,2024-09-19 19:08:29
BgISjzDIN@ya.ru,READ,2024-09-19 08:19:29
eLaYzunzsNM@mail.ru,UPDATE,2024-09-19 09:17:23
EDxOdPysyhFc@ya.ru,UPDATE,2024-09-19 16:47:47
AnmfCmoog@mail.ru,CREATE,2024-09-19 03:26:00
Tfult@ya.ru,CREATE,2024-09-19 10:41:48
AnmfCmoog@mail.ru,CREATE,2024-09-19 04:57:21
uErok@gmail.com,CREATE,2024-09-19 05:53:33
uErok@gmail.com,READ,2024-09-19 02:38:22
Tfult@ya.ru,DELETE,2024-09-19 16:48:12
teIFMoTc@gmail.com,DELETE,2024-09-19 23:53:32
teIFMoTc@gmail.com,CREATE,2024-09-19 12:41:19
BgISjzDIN@ya.ru,DELETE,2024-09-19 12:24:46
EDxOdPysyhFc@ya.ru,UPDATE,2024-09-19 10:15:11
KudsVd@ya.ru,READ,2024-09-19 04:08:58
UYMzo@gmail.com,DELETE,2024-09-19 09:09:23
uErok@gmail.com,READ,2024-09-19 16:32:42
teIFMoTc@gmail.com,DELETE,2024-09-19 14:22:55
BgISjzDIN@ya.ru,READ,2024-09-19 00:13:10
eLaYzunzsNM@mail.ru,READ,2024-09-19 14:10:08
Tfult@ya.ru,UPDATE,2024-09-19 13:13:55
UYMzo@gmail.com,READ,2024-09-19 09:18:51
AnmfCmoog@mail.ru,READ,2024-09-19 16:26:12
EDxOdPysyhFc@ya.ru,UPDATE,2024-09-19 22:57:45
KudsVd@ya.ru,DELETE,2024-09-19 06:24:43
EDxOdPysyhFc@ya.ru,CREATE,2024-09-19 09:36:17
teIFMoTc@gmail.com,CREATE,2024-09-19 06:55:25
Tfult@ya.ru,READ,2024-09-19 16:45:20
UYMzo@gmail.com,READ,2024-09-19 00:24:13
UYMzo@gmail.com,DELETE,2024-09-19 07:00:30
Tfult@ya.ru,READ,2024-09-19 16:31:23
EDxOdPysyhFc@ya.ru,READ,2024-09-19 07:05:16
YzqUm@gmail.com,READ,2024-09-19 13:46:43
YzqUm@gmail.com,CREATE,2024-09-19 01:54:06
EDxOdPysyhFc@ya.ru,DELETE,2024-09-19 00:18:37
eLaYzunzsNM@mail.ru,DELETE,2024-09-19 18:45:07
KudsVd@ya.ru,READ,2024-09-19 11:01:48
eLaYzunzsNM@mail.ru,DELETE,2024-09-19 12:08:11
teIFMoTc@gmail.com,UPDATE,2024-09-19 21:51:38
KudsVd@ya.ru,READ,2024-09-19 23:28:07
Tfult@ya.ru,DELETE,2024-09-19 11:04:54
EDxOdPysyhFc@ya.ru,CREATE,2024-09-19 03:17:59
EDxOdPysyhFc@ya.ru,CREATE,2024-09-19 07:13:13
UYMzo@gmail.com,CREATE,2024-09-19 06:45:29
BgISjzDIN@ya.ru,UPDATE,2024-09-19 14:40:34
BgISjzDIN@ya.ru,CREATE,2024-09-19 00:28:08
AnmfCmoog@mail.ru,READ,2024-09-19 08:22:37
YzqUm@gmail.com,READ,2024-09-19 10:31:17
AnmfCmoog@mail.ru,CREATE,2024-09-19 23:42:53
AnmfCmoog@mail.ru,UPDATE,2024-09-19 02:56:48
UYMzo@gmail.com,DELETE,2024-09-19 09:07:43
eLaYzunzsNM@mail.ru,UPDATE,2024-09-19 01:19:54
AnmfCmoog@mail.ru,READ,2024-09-19 07:39:32
teIFMoTc@gmail.com,CREATE,2024-09-19 05:00:42
AnmfCmoog@mail.ru,UPDATE,2024-09-19 13:42:12
Tfult@ya.ru,READ,2024-09-19 10:02:55
AnmfCmoog@mail.ru,UPDATE,2024-09-19 10:28:04
UYMzo@gmail.com,CREATE,2024-09-19 06:20:08
YzqUm@gmail.com,DELETE,2024-09-19 15:30:09
Tfult@ya.ru,DELETE,2024-09-19 04:37:24
eLaYzunzsNM@mail.ru,DELETE,2024-09-19 20:10:09
YzqUm@gmail.com,UPDATE,2024-09-19 06:47:06
teIFMoTc@gmail.com,DELETE,2024-09-19 12:55:11
UYMzo@gmail.com,DELETE,2024-09-19 00:29:44
YzqUm@gmail.com,CREATE,2024-09-19 19:46:45
UYMzo@gmail.com,UPDATE,2024-09-19 15:34:24
UYMzo@gmail.com,READ,2024-09-19 16:43:41
KudsVd@ya.ru,DELETE,2024-09-19 15:19:17
eLaYzunzsNM@mail.ru,READ,2024-09-19 02:47:28
eLaYzunzsNM@mail.ru,UPDATE,2024-09-19 03:45:26
YzqUm@gmail.com,UPDATE,2024-09-19 03:21:10
teIFMoTc@gmail.com,READ,2024-09-19 08:19:57
eLaYzunzsNM@mail.ru,DELETE,2024-09-19 22:33:07
YzqUm@gmail.com,UPDATE,2024-09-19 11:03:27
Tfult@ya.ru,UPDATE,2024-09-19 04:05:27
Tfult@ya.ru,CREATE,2024-09-19 10:59:58
Tfult@ya.ru,UPDATE,2024-09-19 12:39:37
Tfult@ya.ru,CREATE,2024-09-19 14:56:09
uErok@gmail.com,UPDATE,2024-09-19 03:39:07
teIFMoTc@gmail.com,CREATE,2024-09-19 12:00:17
teIFMoTc@gmail.com,CREATE,2024-09-19 11:38:58
AnmfCmoog@mail.ru,UPDATE,2024-09-19 18:17:02
AnmfCmoog@mail.ru,CREATE,2024-09-19 17:53:22
EDxOdPysyhFc@ya.ru,UPDATE,2024-09-19 22:33:29
EDxOdPysyhFc@ya.ru,UPDATE,2024-09-19 09:48:56
teIFMoTc@gmail.com,READ,2024-09-19 19:34:19
Tfult@ya.ru,DELETE,2024-09-19 09:59:37
eLaYzunzsNM@mail.ru,UPDATE,2024-09-19 01:01:46
EDxOdPysyhFc@ya.ru,UPDATE,2024-09-19 08:33:19
AnmfCmoog@mail.ru,READ,2024-09-19 20:55:14
teIFMoTc@gmail.com,UPDATE,2024-09-19 21:53:52
AnmfCmoog@mail.ru,DELETE,2024-09-19 17:13:15
AnmfCmoog@mail.ru,UPDATE,2024-09-19 21:20:27
teIFMoTc@gmail.com,CREATE,2024-09-19 04:46:01
uErok@gmail.com,CREATE,2024-09-19 04:14:22
AnmfCmoog@mail.ru,CREATE,2024-09-19 19:26:21
KudsVd@ya.ru,DELETE,2024-09-19 11:46:17
teIFMoTc@gmail.com,DELETE,2024-09-19 10:53:04
YzqUm@gmail.com,DELETE,2024-09-19 02:16:12
teIFMoTc@gmail.com,UPDATE,2024-09-19 10:15:51
UYMzo@gmail.com,CREATE,2024-09-19 19:01:42
EDxOdPysyhFc@ya.ru,DELETE,2024-09-19 11:10:44
eLaYzunzsNM@mail.ru,UPDATE,2024-09-19 15:09:19
BgISjzDIN@ya.ru,DELETE,2024-09-19 16:50:54
teIFMoTc@gmail.com,DELETE,2024-09-19 22:48:13
UYMzo@gmail.com,DELETE,2024-09-19 16:20:36
AnmfCmoog@mail.ru,DELETE,2024-09-19 13:01:54
teIFMoTc@gmail.com,READ,2024-09-19 22:42:30
EDxOdPysyhFc@ya.ru,DELETE,2024-09-19 10:54:28
uErok@gmail.com,UPDATE,2024-09-19 01:53:27
uErok@gmail.com,CREATE,2024-09-19 07:54:43
EDxOdPysyhFc@ya.ru,UPDATE,2024-09-19 18:36:03
BgISjzDIN@ya.ru,DELETE,2024-09-19 03:08:07
teIFMoTc@gmail.com,DELETE,2024-09-19 14:29:56
eLaYzunzsNM@mail.ru,DELETE,2024-09-19 15:14:29
BgISjzDIN@ya.ru,UPDATE,2024-09-19 17:09:10
teIFMoTc@gmail.com,READ,2024-09-19 14:03:24
teIFMoTc@gmail.com,READ,2024-09-19 19:38:32
KudsVd@ya.ru,READ,2024-09-19 14:42:37
teIFMoTc@gmail.com,DELETE,2024-09-19 06:04:10
AnmfCmoog@mail.ru,DELETE,2024-09-19 03:00:15
AnmfCmoog@mail.ru,UPDATE,2024-09-19 06:37:13
BgISjzDIN@ya.ru,DELETE,2024-09-19 04:16:27
AnmfCmoog@mail.ru,UPDATE,2024-09-19 02:27:04
Tfult@ya.ru,READ,2024-09-19 11:43:09
UYMzo@gmail.com,READ,2024-09-19 16:25:00
KudsVd@ya.ru,CREATE,2024-09-19 14:51:46
BgISjzDIN@ya.ru,CREATE,2024-09-19 18:54:23
teIFMoTc@gmail.com,UPDATE,2024-09-19 10:13:02
AnmfCmoog@mail.ru,UPDATE,2024-09-19 09:48:29
KudsVd@ya.ru,CREATE,2024-09-19 17:58:43
EDxOdPysyhFc@ya.ru,DELETE,2024-09-19 09:32:37
EDxOdPysyhFc@ya.ru,DELETE,2024-09-19 00:07:37
YzqUm@gmail.com,UPDATE,2024-09-19 21:15:13
UYMzo@gmail.com,UPDATE,2024-09-19 07:19:03
Tfult@ya.ru,UPDATE,2024-09-19 11:33:08
BgISjzDIN@ya.ru,CREATE,2024-09-19 21:13:44
EDxOdPysyhFc@ya.ru,READ,2024-09-19 09:50:32
KudsVd@ya.ru,CREATE,2024-09-19 15:03:21
Tfult@ya.ru,CREATE,2024-09-19 09:46:49
EDxOdPysyhFc@ya.ru,READ,2024-09-19 04:47:28
AnmfCmoog@mail.ru,UPDATE,2024-09-19 11:13:08
uErok@gmail.com,DELETE,2024-09-19 15:51:13
teIFMoTc@gmail.com,DELETE,2024-09-19 08:36:34
BgISjzDIN@ya.ru,CREATE,2024-09-19 01:57:47
KudsVd@ya.ru,DELETE,2024-09-19 01:36:17
EDxOdPysyhFc@ya.ru,UPDATE,2024-09-19 20:29:56
BgISjzDIN@ya.ru,READ,2024-09-19 04:23:29
teIFMoTc@gmail.com,UPDATE,2024-09-19 03:48:53
YzqUm@gmail.com,DELETE,2024-09-19 09:13:38
BgISjzDIN@ya.ru,CREATE,2024-09-19 00:20:01
teIFMoTc@gmail.com,DELETE,2024-09-19 03:40:09
UYMzo@gmail.com,DELETE,2024-09-19 22:22:59
teIFMoTc@gmail.com,READ,2024-09-19 19:23:41
eLaYzunzsNM@mail.ru,READ,2024-09-19 02:04:20
EDxOdPysyhFc@ya.ru,UPDATE,2024-09-19 20:41:48
EDxOdPysyhFc@ya.ru,READ,2024-09-19 09:03:19
UYMzo@gmail.com,READ,2024-09-19 06:30:04
eLaYzunzsNM@mail.ru,CREATE,2024-09-19 12:16:38
Tfult@ya.ru,UPDATE,2024-09-19 18:06:25
AnmfCmoog@mail.ru,DELETE,2024-09-19 07:05:57
teIFMoTc@gmail.com,CREATE,2024-09-19 19:19:25
eLaYzunzsNM@mail.ru,DELETE,2024-09-19 23:13:02
eLaYzunzsNM@mail.ru,READ,2024-09-19 14:06:26
teIFMoTc@gmail.com,DELETE,2024-09-19 07:54:48
eLaYzunzsNM@mail.ru,CREATE,2024-09-19 19:48:51
BgISjzDIN@ya.ru,DELETE,2024-09-19 23:23:45
EDxOdPysyhFc@ya.ru,READ,2024-09-19 14:09:56
AnmfCmoog@mail.ru,READ,2024-09-19 14:38:49
AnmfCmoog@mail.ru,UPDATE,2024-09-19 23:09:44
eLaYzunzsNM@mail.ru,READ,2024-09-19 07:46:08
teIFMoTc@gmail.com,READ,2024-09-19 22:28:31
EDxOdPysyhFc@ya.ru,CREATE,2024-09-19 09:13:24
EDxOdPysyhFc@ya.ru,UPDATE,2024-09-19 06:29:37
BgISjzDIN@ya.ru,READ,2024-09-19 11:44:19
YzqUm@gmail.com,CREATE,2024-09-19 05:16:29
UYMzo@gmail.com,UPDATE,2024-09-19 12:42:46
EDxOdPysyhFc@ya.ru,DELETE,2024-09-19 09:58:00
teIFMoTc@gmail.com,CREATE,2024-09-19 21:46:10
eLaYzunzsNM@mail.ru,CREATE,2024-09-19 05:31:51
eLaYzunzsNM@mail.ru,UPDATE,2024-09-19 10:09:45
uErok@gmail.com,UPDATE,2024-09-19 12:53:53
AnmfCmoog@mail.ru,READ,2024-09-19 19:04:50
eLaYzunzsNM@mail.ru,CREATE,2024-09-19 11:49:37
uErok@gmail.com,READ,2024-09-19 11:18:57
BgISjzDIN@ya.ru,UPDATE,2024-09-19 14:25:54
EDxOdPysyhFc@ya.ru,CREATE,2024-09-19 18:59:24
AnmfCmoog@mail.ru,READ,2024-09-19 18:02:32
EDxOdPysyhFc@ya.ru,UPDATE,2024-09-19 03:44:46
Tfult@ya.ru,DELETE,2024-09-19 01:21:40
EDxOdPysyhFc@ya.ru,UPDATE,2024-09-19 00:22:16
eLaYzunzsNM@mail.ru,READ,2024-09-19 13:12:31
KudsVd@ya.ru,READ,2024-09-19 14:31:39
EDxOdPysyhFc@ya.ru,UPDATE,2024-09-19 07:05:43
BgISjzDIN@ya.ru,DELETE,2024-09-19 04:32:28
eLaYzunzsNM@mail.ru,READ,2024-09-19 22:42:48
UYMzo@gmail.com,UPDATE,2024-09-19 18:10:04
YzqUm@gmail.com,UPDATE,2024-09-19 09:13:07
EDxOdPysyhFc@ya.ru,READ,2024-09-19 04:12:25
uErok@gmail.com,DELETE,2024-09-19 17:37:38
BgISjzDIN@ya.ru,CREATE,2024-09-19 04:19:28
eLaYzunzsNM@mail.ru,READ,2024-09-19 10:58:29
KudsVd@ya.ru,CREATE,2024-09-19 13:38:03
BgISjzDIN@ya.ru,CREATE,2024-09-19 14:38:00
AnmfCmoog@mail.ru,UPDATE,2024-09-19 17:54:00
uErok@gmail.com,CREATE,2024-09-19 00:24:01
BgISjzDIN@ya.ru,CREATE,2024-09-19 20:50:47
teIFMoTc@gmail.com,CREATE,2024-09-19 00:14:39
Tfult@ya.ru,READ,2024-09-19 06:56:54
KudsVd@ya.ru,UPDATE,2024-09-19 03:51:53
BgISjzDIN@ya.ru,CREATE,2024-09-19 06:01:14
Tfult@ya.ru,DELETE,2024-09-19 02:26:01
EDxOdPysyhFc@ya.ru,UPDATE,2024-09-19 17:20:43
eLaYzunzsNM@mail.ru,READ,2024-09-19 13:01:12
uErok@gmail.com,DELETE,2024-09-19 18:54:31
BgISjzDIN@ya.ru,READ,2024-09-19 05:16:38
AnmfCmoog@mail.ru,UPDATE,2024-09-19 09:32:00
Tfult@ya.ru,CREATE,2024-09-19 02:14:02
UYMzo@gmail.com,READ,2024-09-19 20:09:36
Tfult@ya.ru,DELETE,2024-09-19 12:26:38
AnmfCmoog@mail.ru,DELETE,2024-09-19 21:21:31
KudsVd@ya.ru,UPDATE,2024-09-19 15:34:21
YzqUm@gmail.com,CREATE,2024-09-19 07:17:43
eLaYzunzsNM@mail.ru,READ,2024-09-19 13:47:42
UYMzo@gmail.com,READ,2024-09-19 04:38:35
uErok@gmail.com,READ,2024-09-19 15:21:38
teIFMoTc@gmail.com,DELETE,2024-09-19 15:36:55
eLaYzunzsNM@mail.ru,CREATE,2024-09-19 12:59:17
AnmfCmoog@mail.ru,CREATE,2024-09-19 16:08:35
KudsVd@ya.ru,DELETE,2024-09-19 16:01:32
BgISjzDIN@ya.ru,UPDATE,2024-09-19 07:00:27
uErok@gmail.com,DELETE,2024-09-19 13:21:27
AnmfCmoog@mail.ru,READ,2024-09-19 10:18:27
teIFMoTc@gmail.com,DELETE,2024-09-19 16:30:11
teIFMoTc@gmail.com,UPDATE,2024-09-19 07:22:48
UYMzo@gmail.com,CREATE,2024-09-19 02:47:20
KudsVd@ya.ru,UPDATE,2024-09-19 14:13:58
eLaYzunzsNM@mail.ru,DELETE,2024-09-19 20:18:06
teIFMoTc@gmail.com,CREATE,2024-09-19 05:50:09
YzqUm@gmail.com,READ,2024-09-19 16:58:29
UYMzo@gmail.com,READ,2024-09-19 19:46:27
teIFMoTc@gmail.com,UPDATE,2024-09-19 03:52:10
teIFMoTc@gmail.com,UPDATE,2024-09-19 07:21:29
UYMzo@gmail.com,READ,2024-09-19 07:54:07
teIFMoTc@gmail.com,UPDATE,2024-09-19 13:31:27
EDxOdPysyhFc@ya.ru,CREATE,2024-09-19 16:34:03
AnmfCmoog@mail.ru,CREATE,2024-09-19 01:15:39
EDxOdPysyhFc@ya.ru,CREATE,2024-09-19 23:02:15
teIFMoTc@gmail.com,UPDATE,2024-09-19 03:02:10
BgISjzDIN@ya.ru,UPDATE,2024-09-19 21:51:54
BgISjzDIN@ya.ru,READ,2024-09-19 23:13:38
Tfult@ya.ru,UPDATE,2024-09-19 01:25:36
BgISjzDIN@ya.ru,READ,2024-09-19 05:30:48
EDxOdPysyhFc@ya.ru,CREATE,2024-09-19 23:01:12
KudsVd@ya.ru,CREATE,2024-09-19 15:09:27
eLaYzunzsNM@mail.ru,UPDATE,2024-09-19 12:00:49
UYMzo@gmail.com,READ,2024-09-19 01:11:26
uErok@gmail.com,DELETE,2024-09-19 11:00:28
teIFMoTc@gmail.com,UPDATE,2024-09-19 15:24:11
KudsVd@ya.ru,CREATE,2024-09-19 02:57:46
AnmfCmoog@mail.ru,CREATE,2024-09-19 14:44:28
AnmfCmoog@mail.ru,DELETE,2024-09-19 05:25:42
YzqUm@gmail.com,UPDATE,2024-09-19 17:00:09
eLaYzunzsNM@mail.ru,UPDATE,2024-09-19 10:48:35
eLaYzunzsNM@mail.ru,DELETE,2024-09-19 10:30:11
YzqUm@gmail.com,DELETE,2024-09-19 10:41:23
AnmfCmoog@mail.ru,CREATE,2024-09-19 07:41:02
UYMzo@gmail.com,DELETE,2024-09-19 21:31:53
AnmfCmoog@mail.ru,READ,2024-09-19 10:42:42
UYMzo@gmail.com,READ,2024-09-19 08:29:04
uErok@gmail.com,UPDATE,2024-09-19 00:42:47
AnmfCmoog@mail.ru,DELETE,2024-09-19 11:56:41
eLaYzunzsNM@mail.ru,CREATE,2024-09-19 02:37:49
eLaYzunzsNM@mail.ru,READ,2024-09-19 00:12:09
AnmfCmoog@mail.ru,READ,2024-09-19 10:56:12
UYMzo@gmail.com,CREATE,2024-09-19 01:43:14
AnmfCmoog@mail.ru,UPDATE,2024-09-19 17:57:05
YzqUm@gmail.com,CREATE,2024-09-19 21:29:33
teIFMoTc@gmail.com,UPDATE,2024-09-19 06:38:52
teIFMoTc@gmail.com,UPDATE,2024-09-19 01:22:21
UYMzo@gmail.com,CREATE,2024-09-19 16:32:51
BgISjzDIN@ya.ru,UPDATE,2024-09-19 13:59:03
Tfult@ya.ru,UPDATE,2024-09-19 20:10:37
YzqUm@gmail.com,DELETE,2024-09-19 20:41:12
KudsVd@ya.ru,CREATE,2024-09-19 09:16:32
BgISjzDIN@ya.ru,DELETE,2024-09-19 05:48:48
eLaYzunzsNM@mail.ru,CREATE,2024-09-19 02:47:46
Tfult@ya.ru,CREATE,2024-09-19 17:58:50
Tfult@ya.ru,CREATE,2024-09-19 06:11:43
YzqUm@gmail.com,DELETE,2024-09-19 00:44:55
Tfult@ya.ru,CREATE,2024-09-19 23:54:56
BgISjzDIN@ya.ru,DELETE,2024-09-19 06:27:53
uErok@gmail.com,DELETE,2024-09-19 03:29:54
Tfult@ya.ru,CREATE,2024-09-19 18:57:34
YzqUm@gmail.com,CREATE,2024-09-19 20:32:18
UYMzo@gmail.com,READ,2024-09-19 12:36:05
eLaYzunzsNM@mail.ru,CREATE,2024-09-19 13:15:46
KudsVd@ya.ru,CREATE,2024-09-19 19:17:40
EDxOdPysyhFc@ya.ru,READ,2024-09-19 11:09:51
teIFMoTc@gmail.com,UPDATE,2024-09-19 04:57:13
Tfult@ya.ru,CREATE,2024-09-19 22:55:11
AnmfCmoog@mail.ru,UPDATE,2024-09-19 01:27:08
EDxOdPysyhFc@ya.ru,CREATE,2024-09-19 21:03:12
KudsVd@ya.ru,UPDATE,2024-09-19 22:25:01
eLaYzunzsNM@mail.ru,CREATE,2024-09-19 20:43:37
Tfult@ya.ru,CREATE,2024-09-19 06:48:41
UYMzo@gmail.com,READ,2024-09-19 15:54:04
eLaYzunzsNM@mail.ru,READ,2024-09-19 05:32:57
uErok@gmail.com,READ,2024-09-19 10:03:58
BgISjzDIN@ya.ru,CREATE,2024-09-19 04:43:35
AnmfCmoog@mail.ru,CREATE,2024-09-19 17:09:41
EDxOdPysyhFc@ya.ru,CREATE,2024-09-19 02:29:55
YzqUm@gmail.com,UPDATE,2024-09-19 14:08:58
AnmfCmoog@mail.ru,CREATE,2024-09-19 15:03:59
teIFMoTc@gmail.com,READ,2024-09-19 04:18:42
BgISjzDIN@ya.ru,CREATE,2024-09-19 15:33:40
EDxOdPysyhFc@ya.ru,DELETE,2024-09-19 22:08:27
eLaYzunzsNM@mail.ru,CREATE,2024-09-19 19:48:03
AnmfCmoog@mail.ru,UPDATE,2024-09-19 19:30:03
AnmfCmoog@mail.ru,DELETE,2024-09-19 11:01:10
uErok@gmail.com,CREATE,2024-09-19 13:12:13
Tfult@ya.ru,UPDATE,2024-09-19 16:38:21
KudsVd@ya.ru,DELETE,2024-09-19 12:45:35
KudsVd@ya.ru,CREATE,2024-09-19 22:49:11
KudsVd@ya.ru,UPDATE,2024-09-19 16:01:21
teIFMoTc@gmail.com,CREATE,2024-09-19 00:50:24
BgISjzDIN@ya.ru,DELETE,2024-09-19 10:12:11
KudsVd@ya.ru,READ,2024-09-19 19:19:44
Tfult@ya.ru,READ,2024-09-19 14:23:46
BgISjzDIN@ya.ru,DELETE,2024-09-19 10:04:06
Tfult@ya.ru,DELETE,2024-09-19 03:20:50
KudsVd@ya.ru,READ,2024-09-19 08:04:37
teIFMoTc@gmail.com,DELETE,2024-09-19 19:16:11
KudsVd@ya.ru,READ,2024-09-19 05:05:08
eLaYzunzsNM@mail.ru,DELETE,2024-09-19 06:03:00
YzqUm@gmail.com,READ,2024-09-19 00:17:47
uErok@gmail.com,CREATE,2024-09-19 22:06:56
AnmfCmoog@mail.ru,DELETE,2024-09-19 19:46:02
uErok@gmail.com,READ,2024-09-19 09:17:56
uErok@gmail.com,READ,2024-09-19 18:57:48
uErok@gmail.com,CREATE,2024-09-19 06:05:15
BgISjzDIN@ya.ru,DELETE,2024-09-19 23:18:07
uErok@gmail.com,UPDATE,2024-09-19 09:16:35
EDxOdPysyhFc@ya.ru,READ,2024-09-19 00:27:35
EDxOdPysyhFc@ya.ru,CREATE,2024-09-19 23:11:03
KudsVd@ya.ru,READ,2024-09-19 02:50:48
UYMzo@gmail.com,READ,2024-09-19 08:30:21
Tfult@ya.ru,CREATE,2024-09-19 18:06:18
BgISjzDIN@ya.ru,CREATE,2024-09-19 02:40:17
Tfult@ya.ru,READ,2024-09-19 05:30:52
AnmfCmoog@mail.ru,CREATE,2024-09-19 01:02:35
Tfult@ya.ru,READ,2024-09-19 03:27:40
BgISjzDIN@ya.ru,DELETE,2024-09-19 23:22:00
UYMzo@gmail.com,CREATE,2024-09-19 12:30:07
KudsVd@ya.ru,UPDATE,2024-09-19 14:07:01
BgISjzDIN@ya.ru,READ,2024-09-19 20:08:27
BgISjzDIN@ya.ru,UPDATE,2024-09-19 20:09:12
Tfult@ya.ru,UPDATE,2024-09-19 01:17:12
EDxOdPysyhFc@ya.ru,DELETE,2024-09-19 17:44:13
KudsVd@ya.ru,UPDATE,2024-09-19 00:29:51
eLaYzunzsNM@mail.ru,CREATE,2024-09-19 06:19:35
Tfult@ya.ru,READ,2024-09-19 16:34:09
teIFMoTc@gmail.com,DELETE,2024-09-19 13:09:51
KudsVd@ya.ru,CREATE,2024-09-19 07:01:14
AnmfCmoog@mail.ru,DELETE,2024-09-19 05:44:54
EDxOdPysyhFc@ya.ru,DELETE,2024-09-19 05:50:26
EDxOdPysyhFc@ya.ru,UPDATE,2024-09-19 01:26:02
KudsVd@ya.ru,UPDATE,2024-09-19 18:14:08
AnmfCmoog@mail.ru,READ,2024-09-19 10:02:20
AnmfCmoog@mail.ru,DELETE,2024-09-19 07:18:21
AnmfCmoog@mail.ru,DELETE,2024-09-19 15:59:49
teIFMoTc@gmail.com,DELETE,2024-09-19 13:53:04
teIFMoTc@gmail.com,READ,2024-09-19 18:27:21
KudsVd@ya.ru,DELETE,2024-09-19 23:35:38
BgISjzDIN@ya.ru,CREATE,2024-09-19 15:19:08
Tfult@ya.ru,CREATE,2024-09-19 22:03:00
eLaYzunzsNM@mail.ru,DELETE,2024-09-19 04:01:41
EDxOdPysyhFc@ya.ru,UPDATE,2024-09-19 06:25:34
EDxOdPysyhFc@ya.ru,DELETE,2024-09-19 00:52:10
UYMzo@gmail.com,DELETE,2024-09-19 12:49:59
YzqUm@gmail.com,READ,2024-09-19 07:11:07
BgISjzDIN@ya.ru,DELETE,2024-09-19 05:45:49
Tfult@ya.ru,CREATE,2024-09-19 05:36:19
KudsVd@ya.ru,CREATE,2024-09-19 17:09:40
KudsVd@ya.ru,DELETE,2024-09-19 05:54:19
BgISjzDIN@ya.ru,READ,2024-09-19 07:34:54
UYMzo@gmail.com,CREATE,2024-09-19 09:10:41
KudsVd@ya.ru,DELETE,2024-09-19 22:41:38
uErok@gmail.com,DELETE,2024-09-19 02:19:47
YzqUm@gmail.com,READ,2024-09-19 09:27:22
YzqUm@gmail.com,READ,2024-09-19 23:41:18
UYMzo@gmail.com,UPDATE,2024-09-19 12:29:15
KudsVd@ya.ru,READ,2024-09-19 04:54:49
BgISjzDIN@ya.ru,DELETE,2024-09-19 01:38:42
eLaYzunzsNM@mail.ru,READ,2024-09-19 18:01:13
Tfult@ya.ru,READ,2024-09-19 04:18:01
uErok@gmail.com,CREATE,2024-09-19 00:47:49
BgISjzDIN@ya.ru,CREATE,2024-09-19 04:37:44
EDxOdPysyhFc@ya.ru,UPDATE,2024-09-19 19:12:07
AnmfCmoog@mail.ru,DELETE,2024-09-19 02:29:42
BgISjzDIN@ya.ru,READ,2024-09-19 10:39:16
uErok@gmail.com,READ,2024-09-19 13:08:57
uErok@gmail.com,DELETE,2024-09-19 21:08:07
AnmfCmoog@mail.ru,UPDATE,2024-09-19 02:16:45
EDxOdPysyhFc@ya.ru,UPDATE,2024-09-19 00:36:50
teIFMoTc@gmail.com,DELETE,2024-09-19 11:53:45
BgISjzDIN@ya.ru,READ,2024-09-19 09:46:19
KudsVd@ya.ru,CREATE,2024-09-19 15:01:25
BgISjzDIN@ya.ru,UPDATE,2024-09-19 18:57:19
uErok@gmail.com,DELETE,2024-09-19 16:34:35
BgISjzDIN@ya.ru,DELETE,2024-09-19 03:55:47
teIFMoTc@gmail.com,DELETE,2024-09-19 11:02:54
YzqUm@gmail.com,UPDATE,2024-09-19 03:01:50
BgISjzDIN@ya.ru,CREATE,2024-09-19 23:56:42
teIFMoTc@gmail.com,READ,2024-09-19 16:11:54
uErok@gmail.com,CREATE,2024-09-19 07:59:21
EDxOdPysyhFc@ya.ru,CREATE,2024-09-19 22:10:03
KudsVd@ya.ru,UPDATE,2024-09-19 13:15:39
KudsVd@ya.ru,UPDATE,2024-09-19 06:42:01
KudsVd@ya.ru,CREATE,2024-09-19 02:55:21
EDxOdPysyhFc@ya.ru,UPDATE,2024-09-19 07:53:35
Tfult@ya.ru,CREATE,2024-09-19 01:48:20
Tfult@ya.ru,DELETE,2024-09-19 10:23:53
YzqUm@gmail.com,CREATE,2024-09-19 19:02:27
UYMzo@gmail.com,READ,2024-09-19 02:51:01
EDxOdPysyhFc@ya.ru,DELETE,2024-09-19 15:59:57
teIFMoTc@gmail.com,CREATE,2024-09-19 00:25:10
uErok@gmail.com,READ,2024-09-19 02:35:33
eLaYzunzsNM@mail.ru,CREATE,2024-09-19 23:00:58
Tfult@ya.ru,CREATE,2024-09-19 08:35:28
BgISjzDIN@ya.ru,DELETE,2024-09-19 10:01:34
YzqUm@gmail.com,UPDATE,2024-09-19 21:28:51
AnmfCmoog@mail.ru,READ,2024-09-19 19:19:16
Tfult@ya.ru,READ,2024-09-19 21:54:13
KudsVd@ya.ru,CREATE,2024-09-19 01:36:07
AnmfCmoog@mail.ru,UPDATE,2024-09-19 23:29:24
teIFMoTc@gmail.com,DELETE,2024-09-19 15:26:24
AnmfCmoog@mail.ru,READ,2024-09-19 23:10:00
YzqUm@gmail.com,CREATE,2024-09-19 11:35:09
uErok@gmail.com,DELETE,2024-09-19 03:57:55
EDxOdPysyhFc@ya.ru,UPDATE,2024-09-19 22:24:43
uErok@gmail.com,CREATE,2024-09-19 02:19:59
eLaYzunzsNM@mail.ru,DELETE,2024-09-19 09:59:35
KudsVd@ya.ru,READ,2024-09-19 04:23:00
KudsVd@ya.ru,READ,2024-09-19 02:27:12
teIFMoTc@gmail.com,CREATE,2024-09-19 11:29:07
eLaYzunzsNM@mail.ru,DELETE,2024-09-19 12:47:29
EDxOdPysyhFc@ya.ru,READ,2024-09-19 04:36:45
AnmfCmoog@mail.ru,CREATE,2024-09-19 08:22:27
EDxOdPysyhFc@ya.ru,UPDATE,2024-09-19 16:13:10
teIFMoTc@gmail.com,CREATE,2024-09-19 14:28:03
EDxOdPysyhFc@ya.ru,UPDATE,2024-09-19 11:15:15
UYMzo@gmail.com,UPDATE,2024-09-19 12:56:53
teIFMoTc@gmail.com,UPDATE,2024-09-19 22:59:04
teIFMoTc@gmail.com,DELETE,2024-09-19 15:28:59
KudsVd@ya.ru,DELETE,2024-09-19 19:43:27
YzqUm@gmail.com,CREATE,2024-09-19 00:23:07
EDxOdPysyhFc@ya.ru,CREATE,2024-09-19 03:52:50
BgISjzDIN@ya.ru,DELETE,2024-09-19 00:15:06
EDxOdPysyhFc@ya.ru,READ,2024-09-19 13:34:39
EDxOdPysyhFc@ya.ru,UPDATE,2024-09-19 16:20:46
YzqUm@gmail.com,UPDATE,2024-09-19 07:52:05
Tfult@ya.ru,UPDATE,2024-09-19 17:48:54
BgISjzDIN@ya.ru,UPDATE,2024-09-19 14:47:39
KudsVd@ya.ru,CREATE,2024-09-19 18:59:22
UYMzo@gmail.com,DELETE,2024-09-19 07:25:42
teIFMoTc@gmail.com,READ,2024-09-19 16:00:45
uErok@gmail.com,READ,2024-09-19 12:05:44
UYMzo@gmail.com,READ,2024-09-19 17:22:20
uErok@gmail.com,CREATE,2024-09-19 03:42:08
KudsVd@ya.ru,READ,2024-09-19 12:01:29
AnmfCmoog@mail.ru,DELETE,2024-09-19 20:05:22
BgISjzDIN@ya.ru,READ,2024-09-19 01:58:11
eLaYzunzsNM@mail.ru,UPDATE,2024-09-19 15:19:38
AnmfCmoog@mail.ru,CREATE,2024-09-19 08:51:18
KudsVd@ya.ru,READ,2024-09-19 12:27:49
Tfult@ya.ru,READ,2024-09-19 22:12:12
YzqUm@gmail.com,READ,2024-09-19 19:56:58
uErok@gmail.com,DELETE,2024-09-19 21:31:03
EDxOdPysyhFc@ya.ru,READ,2024-09-19 13:56:37
teIFMoTc@gmail.com,READ,2024-09-19 11:20:09
eLaYzunzsNM@mail.ru,CREATE,2024-09-19 15:42:34
YzqUm@gmail.com,UPDATE,2024-09-19 03:14:57
BgISjzDIN@ya.ru,CREATE,2024-09-19 20:52:48
AnmfCmoog@mail.ru,UPDATE,2024-09-19 04:30:45
UYMzo@gmail.com,UPDATE,2024-09-19 07:41:42
Tfult@ya.ru,CREATE,2024-09-19 06:51:46
UYMzo@gmail.com,CREATE,2024-09-19 19:42:03
AnmfCmoog@mail.ru,DELETE,2024-09-19 05:47:29
EDxOdPysyhFc@ya.ru,UPDATE,2024-09-19 00:40:41
teIFMoTc@gmail.com,CREATE,2024-09-19 10:50:32
YzqUm@gmail.com,DELETE,2024-09-19 06:44:44
EDxOdPysyhFc@ya.ru,CREATE,2024-09-19 05:31:26
YzqUm@gmail.com,READ,2024-09-19 00:58:48
teIFMoTc@gmail.com,UPDATE,2024-09-19 19:00:55
EDxOdPysyhFc@ya.ru,CREATE,2024-09-19 07:46:25
EDxOdPysyhFc@ya.ru,READ,2024-09-19 09:55:49
uErok@gmail.com,DELETE,2024-09-19 22:25:19
EDxOdPysyhFc@ya.ru,READ,2024-09-19 10:27:04
KudsVd@ya.ru,READ,2024-09-19 02:08:27
YzqUm@gmail.com,CREATE,2024-09-19 10:02:16
EDxOdPysyhFc@ya.ru,UPDATE,2024-09-19 08:12:49
teIFMoTc@gmail.com,READ,2024-09-19 08:08:12
UYMzo@gmail.com,DELETE,2024-09-19 20:45:40
Tfult@ya.ru,DELETE,2024-09-19 00:06:43
YzqUm@gmail.com,READ,2024-09-19 10:59:23
KudsVd@ya.ru,UPDATE,2024-09-19 07:05:58
EDxOdPysyhFc@ya.ru,UPDATE,2024-09-19 09:18:03
teIFMoTc@gmail.com,CREATE,2024-09-19 23:03:36
KudsVd@ya.ru,CREATE,2024-09-19 21:14:08
Tfult@ya.ru,DELETE,2024-09-19 03:00:17
UYMzo@gmail.com,UPDATE,2024-09-19 16:07:46
teIFMoTc@gmail.com,UPDATE,2024-09-19 00:41:33
EDxOdPysyhFc@ya.ru,DELETE,2024-09-19 07:48:12
teIFMoTc@gmail.com,UPDATE,2024-09-19 20:12:59
eLaYzunzsNM@mail.ru,DELETE,2024-09-19 16:03:25
KudsVd@ya.ru,DELETE,2024-09-19 12:57:15
teIFMoTc@gmail.com,CREATE,2024-09-19 23:11:24
Tfult@ya.ru,CREATE,2024-09-19 10:10:45
UYMzo@gmail.com,CREATE,2024-09-19 07:35:00
teIFMoTc@gmail.com,CREATE,2024-09-19 20:33:56
AnmfCmoog@mail.ru,DELETE,2024-09-19 09:41:48
UYMzo@gmail.com,UPDATE,2024-09-19 08:12:07
UYMzo@gmail.com,CREATE,2024-09-19 16:45:02
UYMzo@gmail.com,UPDATE,2024-09-19 16:59:39
EDxOdPysyhFc@ya.ru,DELETE,2024-09-19 18:20:22
eLaYzunzsNM@mail.ru,CREATE,2024-09-19 21:35:51
BgISjzDIN@ya.ru,CREATE,2024-09-19 14:40:25
AnmfCmoog@mail.ru,UPDATE,2024-09-19 00:09:07
AnmfCmoog@mail.ru,READ,2024-09-19 15:46:59
Tfult@ya.ru,UPDATE,2024-09-19 01:17:25
AnmfCmoog@mail.ru,UPDATE,2024-09-19 22:00:52
EDxOdPysyhFc@ya.ru,READ,2024-09-19 10:05:34
AnmfCmoog@mail.ru,UPDATE,2024-09-19 14:53:47
YzqUm@gmail.com,READ,2024-09-19 22:32:46
YzqUm@gmail.com,DELETE,2024-09-19 12:52:21
EDxOdPysyhFc@ya.ru,READ,2024-09-19 17:57:03
KudsVd@ya.ru,CREATE,2024-09-19 00:02:21
EDxOdPysyhFc@ya.ru,CREATE,2024-09-19 04:18:12
BgISjzDIN@ya.ru,UPDATE,2024-09-19 05:48:50
EDxOdPysyhFc@ya.ru,UPDATE,2024-09-19 07:57:34
Tfult@ya.ru,READ,2024-09-19 17:30:23
AnmfCmoog@mail.ru,UPDATE,2024-09-19 17:30:27